Player,Age,Tm,Pos,GP,G,A,PTS,+/-,PIM,PS,EVG,PPG,SHG,GWG,EVA,PPA,SHA,S,S%,TOI,BLK,HIT,FOW,FOL,FO%,pid,Year,YR_INT
Noel Acciari,29,FLA,C,3,0,0,0,2,0,-0.1,0,0,0,0,0,0,0,1,0.0,47,7,6,22,27,44.9,acciano01,2020-2021,2021
Sebastian Aho,23,CAR,F,3,1,2,3,2,0,0.4,1,0,0,1,1,1,0,7,14.3,58,1,1,23,25,47.9,ahose01,2020-2021,2021
Mark Alt,29,LAK,D,1,0,0,0,0,2,0.0,0,0,0,0,0,0,0,2,0.0,12,1,0,0,0,,altma01,2020-2021,2021
Michael Amadio,24,LAK,C,6,0,0,0,1,0,-0.1,0,0,0,0,0,0,0,7,0.0,74,5,1,23,23,50.0,amadimi01,2020-2021,2021
Joey Anderson,22,TOR,RW,1,0,0,0,1,2,0.0,0,0,0,0,0,0,0,0,,10,3,0,0,1,0.0,anderjo08,2020-2021,2021
Josh Anderson,26,MTL,RW,6,3,1,4,2,8,0.6,3,0,0,1,1,0,0,21,14.3,89,4,13,0,1,0.0,anderjo05,2020-2021,2021
Michael Anderson,21,LAK,D,7,0,1,1,1,4,0.3,0,0,0,0,1,0,0,2,0.0,147,8,8,0,0,,andermi02,2020-2021,2021
Lias Andersson,22,LAK,C,5,1,0,1,1,6,0.2,1,0,0,0,0,0,0,4,25.0,56,1,1,2,9,18.2,anderli01,2020-2021,2021
Rasmus Andersson,24,CGY,D,5,1,3,4,0,0,0.7,1,0,0,0,1,2,0,10,10.0,107,7,3,0,0,,anderra01,2020-2021,2021
Artem Anisimov,32,OTT,C,4,0,1,1,-3,2,-0.1,0,0,0,0,1,0,0,7,0.0,50,4,3,6,13,31.6,anisiar01,2020-2021,2021
Mason Appleton,25,WPG,C,7,0,3,3,2,2,0.2,0,0,0,0,3,0,0,11,0.0,87,1,8,3,3,50.0,applema01,2020-2021,2021
Josh Archibald,28,EDM,RW,8,1,0,1,-4,0,-0.1,1,0,0,0,0,0,0,6,16.7,99,8,32,0,1,0.0,archijo01,2020-2021,2021
Joel Armia,27,MTL,RW,5,2,3,5,6,2,0.8,1,0,1,0,2,0,1,7,28.6,63,1,7,0,4,0.0,armiajo01,2020-2021,2021
Viktor Arvidsson,27,NSH,LW,6,1,4,5,1,2,0.4,0,1,0,0,3,1,0,23,4.3,112,6,0,1,5,16.7,arvidvi01,2020-2021,2021
Rasmus Asplund,23,BUF,F,1,0,0,0,0,0,0.0,0,0,0,0,0,0,0,2,0.0,7,0,0,0,0,,asplura01,2020-2021,2021
Andreas Athanasiou,26,LAK,C,7,3,2,5,0,0,0.7,3,0,0,0,1,1,0,7,42.9,94,3,1,2,0,100.0,athanan01,2020-2021,2021
Cam Atkinson,31,CBJ,RW,7,1,2,3,-4,0,0.0,0,0,1,0,1,1,0,16,6.3,118,5,0,0,3,0.0,atkinca01,2020-2021,2021
Nicolas Aube-Kubel,24,PHI,RW,7,1,1,2,-2,10,0.0,1,0,0,0,1,0,0,4,25.0,80,3,18,0,0,,aubekni01,2020-2021,2021
Mikael Backlund,31,CGY,C,5,1,2,3,-3,4,0.2,1,0,0,0,1,1,0,8,12.5,80,3,5,26,24,52.0,backlmi01,2020-2021,2021
Nicklas Backstrom,33,WSH,C,7,4,4,8,-1,2,0.9,2,2,0,0,2,2,0,20,20.0,137,7,2,43,62,41.0,backsni02,2020-2021,2021
Josh Bailey,31,NYI,C,6,0,1,1,0,2,0.0,0,0,0,0,1,0,0,10,0.0,108,1,0,3,2,60.0,bailejo01,2020-2021,2021
Alexander Barabanov,26,TOR,F,4,0,0,0,-1,0,-0.1,0,0,0,0,0,0,0,2,0.0,23,4,2,0,0,,barabal01,2020-2021,2021
Ivan Barbashev,25,STL,C,7,0,2,2,1,2,0.0,0,0,0,0,2,0,0,6,0.0,82,1,11,11,13,45.8,barbaiv01,2020-2021,2021
Aleksander Barkov,25,FLA,C,3,1,3,4,2,2,0.4,1,0,0,0,2,1,0,16,6.3,65,1,2,37,22,62.7,barkoal01,2020-2021,2021
Tyson Barrie,29,EDM,D,8,0,2,2,-5,0,0.0,0,0,0,0,1,1,0,15,0.0,166,13,4,0,0,,barrity01,2020-2021,2021
Mathew Barzal,23,NYI,C,6,3,3,6,3,8,1.0,3,0,0,0,2,1,0,16,18.8,117,2,1,20,14,58.8,barzama01,2020-2021,2021
Nathan Bastian,23,NJD,RW,6,1,1,2,2,2,0.2,1,0,0,0,1,0,0,7,14.3,74,0,14,3,5,37.5,bastina01,2020-2021,2021
Drake Batherson,22,OTT,C,6,0,3,3,-4,0,-0.1,0,0,0,0,1,2,0,18,0.0,102,3,14,0,1,0.0,bathedr01,2020-2021,2021
Jay Beagle,35,VAN,RW,8,0,1,1,0,4,-0.1,0,0,0,0,1,0,0,5,0.0,111,3,13,56,51,52.3,beaglja01,2020-2021,2021
Ethan Bear,23,EDM,D,7,0,2,2,4,0,0.6,0,0,0,0,2,0,0,6,0.0,147,8,7,0,0,,bearet01,2020-2021,2021
Nathan Beaulieu,28,WPG,D,7,0,1,1,4,12,0.4,0,0,0,0,1,0,0,7,0.0,119,10,12,0,0,,beaulna01,2020-2021,2021
Anthony Beauvillier,23,NYI,LW,5,0,1,1,-2,0,0.0,0,0,0,0,0,1,0,4,0.0,73,1,4,0,1,0.0,beauvan01,2020-2021,2021
Pierre-Edouard Bellemare,35,COL,LW,7,0,0,0,1,4,-0.1,0,0,0,0,0,0,0,5,0.0,85,1,3,44,24,64.7,bellepi01,2020-2021,2021
Kieffer Bellows,22,NYI,LW,5,0,0,0,0,0,0.0,0,0,0,0,0,0,0,4,0.0,46,2,12,1,0,100.0,belloki01,2020-2021,2021
Emil Bemstrom,21,CBJ,C,5,0,0,0,1,0,-0.1,0,0,0,0,0,0,0,7,0.0,59,3,4,0,0,,bemstem01,2020-2021,2021
Jamie Benn,31,DAL,LW,1,0,0,0,0,2,0.0,0,0,0,0,0,0,0,2,0.0,12,1,0,0,3,0.0,bennja01,2020-2021,2021
Jordie Benn,33,VAN,D,2,0,1,1,3,0,0.3,0,0,0,0,1,0,0,3,0.0,33,6,3,0,0,,bennjo01,2020-2021,2021
Sam Bennett,24,CGY,C,5,0,0,0,-5,4,-0.3,0,0,0,0,0,0,0,5,0.0,67,1,7,6,7,46.2,bennesa01,2020-2021,2021
Matt Benning,26,NSH,D,5,0,0,0,1,4,0.1,0,0,0,0,0,0,0,2,0.0,71,5,3,0,0,,bennima01,2020-2021,2021
Patrice Bergeron,35,BOS,C,6,3,3,6,1,2,0.8,0,2,1,0,1,2,0,29,10.3,110,4,4,87,51,63.0,bergepa01,2020-2021,2021
Tyler Bertuzzi,25,DET,LW,7,3,2,5,0,4,0.6,1,2,0,1,1,1,0,17,17.6,142,3,12,1,0,100.0,bertuty01,2020-2021,2021
Alex Biega,32,DET,D,1,0,0,0,0,0,0.0,0,0,0,0,0,0,0,1,0.0,12,1,3,0,0,,biegaal01,2020-2021,2021
Anders Bjork,24,BOS,LW,6,0,0,0,-1,4,-0.1,0,0,0,0,0,0,0,2,0.0,73,0,7,0,0,,bjorkan01,2020-2021,2021
Oliver Bjorkstrand,25,CBJ,RW,7,2,4,6,-1,19,0.5,2,0,0,0,3,1,0,18,11.1,128,2,7,1,0,100.0,bjorkol01,2020-2021,2021
Nick Bjugstad,28,MIN,C,7,1,1,2,1,6,0.2,1,0,0,0,1,0,0,13,7.7,84,4,7,24,35,40.7,bjugsni01,2020-2021,2021
Colin Blackwell,27,NYR,C,2,1,1,2,2,0,0.4,1,0,0,0,1,0,0,3,33.3,22,0,2,0,1,0.0,blackco01,2020-2021,2021
Sammy Blais,24,STL,LW,2,0,0,0,1,2,0.0,0,0,0,0,0,0,0,2,0.0,18,1,1,0,0,,blaissa01,2020-2021,2021
Teddy Blueger,26,PIT,C,7,2,2,4,0,0,0.5,1,0,1,0,2,0,0,6,33.3,87,3,9,24,25,49.0,bluegte01,2020-2021,2021
Brock Boeser,23,VAN,RW,8,4,2,6,-5,6,0.6,3,1,0,1,1,1,0,17,23.5,151,1,7,1,1,50.0,boesebr01,2020-2021,2021
Zach Bogosian,30,TOR,D,8,0,0,0,-2,4,0.0,0,0,0,0,0,0,0,5,0.0,110,7,12,0,0,,bogosza01,2020-2021,2021
Nick Bonino,32,MIN,C,7,1,0,1,-4,2,-0.1,0,1,0,0,0,0,0,15,6.7,126,9,3,84,63,57.1,boninni01,2020-2021,2021
Adam Boqvist,20,CHI,D,6,0,3,3,-1,4,0.4,0,0,0,0,1,2,0,5,0.0,96,4,4,0,0,,boqviad01,2020-2021,2021
Jesper Boqvist,22,NJD,C,4,0,0,0,0,2,-0.1,0,0,0,0,0,0,0,2,0.0,56,2,2,3,4,42.9,boqvije01,2020-2021,2021
Mark Borowiecki,31,NSH,D,6,0,1,1,2,8,0.3,0,0,0,0,1,0,0,2,0.0,81,9,12,0,0,,borowma01,2020-2021,2021
Robert Bortuzzo,31,STL,D,2,0,0,0,1,4,0.1,0,0,0,0,0,0,0,1,0.0,16,2,1,0,0,,borturo01,2020-2021,2021
Travis Boyd,27,TOR,C,1,1,0,1,1,0,0.2,1,0,0,0,0,0,0,1,100.0,10,0,0,1,5,16.7,boydtr01,2020-2021,2021
Tyler Bozak,34,STL,C,7,0,2,2,-1,2,-0.1,0,0,0,0,2,0,0,2,0.0,93,5,2,37,30,55.2,bozakty01,2020-2021,2021
Derick Brassard,33,ARI,C,7,1,3,4,1,0,0.4,1,0,0,0,2,1,0,5,20.0,112,0,10,24,34,41.4,brassde01,2020-2021,2021
Justin Braun,33,PHI,D,7,0,0,0,1,0,0.1,0,0,0,0,0,0,0,7,0.0,131,6,10,0,0,,braunju01,2020-2021,2021
T.J. Brodie,30,TOR,D,8,0,3,3,-2,0,0.4,0,0,0,0,2,1,0,10,0.0,175,9,5,0,0,,broditj01,2020-2021,2021
Jonas Brodin,27,MIN,D,7,1,1,2,0,2,0.6,1,0,0,0,1,0,0,10,10.0,160,10,4,0,0,,brodijo01,2020-2021,2021
Mathias Brome,26,DET,F,7,0,0,0,-4,2,-0.3,0,0,0,0,0,0,0,4,0.0,96,1,8,0,2,0.0,bromema01,2020-2021,2021
Adam Brooks,24,TOR,C,1,1,0,1,-1,0,0.2,0,1,0,0,0,0,0,1,100.0,9,0,1,1,1,50.0,brookad01,2020-2021,2021
Connor Brown,27,OTT,RW,6,0,3,3,0,2,0.1,0,0,0,0,3,0,0,12,0.0,116,4,2,0,4,0.0,brownco02,2020-2021,2021
Dustin Brown,36,LAK,RW,7,2,2,4,0,6,0.4,0,2,0,0,1,1,0,14,14.3,114,1,10,0,0,,browndu01,2020-2021,2021
Josh Brown,27,OTT,D,6,0,0,0,-4,6,-0.2,0,0,0,0,0,0,0,1,0.0,94,17,17,0,0,,brownjo01,2020-2021,2021
Pavel Buchnevich,25,NYR,LW,6,2,3,5,0,0,0.5,2,0,0,1,2,1,0,13,15.4,117,2,4,1,5,16.7,buchnpa01,2020-2021,2021
Connor Bunnaman,22,PHI,F,3,0,0,0,-1,0,-0.1,0,0,0,0,0,0,0,3,0.0,34,1,3,6,8,42.9,bunnaco01,2020-2021,2021
Andre Burakovsky,25,COL,LW,4,2,3,5,0,0,0.7,0,2,0,0,2,1,0,6,33.3,54,2,2,0,0,,burakan01,2020-2021,2021
Brent Burns,35,SJS,D,7,2,2,4,-2,8,0.7,1,1,0,1,1,1,0,23,8.7,192,9,8,0,0,,burnsbr01,2020-2021,2021
Bowen Byram,19,COL,D,4,0,1,1,0,4,0.2,0,0,0,0,1,0,0,9,0.0,66,2,0,0,0,,byrambo01,2020-2021,2021
Paul Byron,31,MTL,LW,6,0,2,2,2,0,0.1,0,0,0,0,2,0,0,5,0.0,71,1,6,0,3,0.0,byronpa01,2020-2021,2021
Nicholas Caamano,22,DAL,RW,3,0,0,0,-1,0,-0.1,0,0,0,0,0,0,0,4,0.0,29,1,6,0,0,,caamani01,2020-2021,2021
Drake Caggiula,26,ARI,LW,7,0,3,3,0,4,0.2,0,0,0,0,3,0,0,12,0.0,93,2,16,1,4,20.0,caggidr01,2020-2021,2021
Matt Calvert,31,COL,LW,6,0,1,1,-1,0,0.0,0,0,0,0,1,0,0,7,0.0,89,3,7,0,1,0.0,calvema01,2020-2021,2021
Kyle Capobianco,23,ARI,D,2,0,0,0,-2,2,-0.1,0,0,0,0,0,0,0,3,0.0,29,2,1,0,0,,capobky01,2020-2021,2021
Brandon Carlo,24,BOS,D,6,1,0,1,0,2,0.5,1,0,0,0,0,0,0,6,16.7,117,6,5,0,0,,carlobr01,2020-2021,2021
John Carlson,31,WSH,D,7,2,5,7,-3,2,0.7,1,1,0,0,3,2,0,22,9.1,176,8,11,0,0,,carlsjo01,2020-2021,2021
Lucas Carlsson,23,CHI,D,1,0,0,0,0,0,0.0,0,0,0,0,0,0,0,1,0.0,16,0,0,0,0,,carlslu01,2020-2021,2021
Ryan Carpenter,30,CHI,C,7,0,0,0,-1,6,-0.2,0,0,0,0,0,0,0,13,0.0,90,4,15,4,8,33.3,carpery01,2020-2021,2021
Daniel Carr,29,WSH,LW,1,0,1,1,1,0,0.1,0,0,0,0,1,0,0,1,0.0,11,2,0,0,0,,carrda01,2020-2021,2021
William Carrier,26,VEG,LW,7,0,0,0,-1,4,-0.2,0,0,0,0,0,0,0,8,0.0,71,2,19,0,0,,carriwi01,2020-2021,2021
Jeff Carter,36,LAK,C,7,1,5,6,1,4,0.6,1,0,0,0,4,1,0,23,4.3,119,4,3,7,12,36.8,carteje01,2020-2021,2021
Cody Ceci,27,PIT,D,4,0,1,1,-2,4,0.0,0,0,0,0,1,0,0,2,0.0,75,5,7,0,0,,cecico01,2020-2021,2021
Erik Cernak,23,TBL,D,4,0,1,1,4,0,0.4,0,0,0,0,1,0,0,8,0.0,66,4,5,0,0,,cernaer01,2020-2021,2021
Thomas Chabot,24,OTT,D,6,1,2,3,-2,10,0.4,0,1,0,0,2,0,0,11,9.1,143,7,6,0,0,,chaboth01,2020-2021,2021
Zdeno Chara,43,WSH,D,7,0,1,1,5,4,0.5,0,0,0,0,1,0,0,13,0.0,141,7,12,0,0,,charazd01,2020-2021,2021
Jalen Chatfield,24,VAN,D,2,0,0,0,-1,0,-0.1,0,0,0,0,0,0,0,1,0.0,20,1,3,0,0,,chatfja01,2020-2021,2021
Ben Chiarot,29,MTL,D,6,1,1,2,0,11,0.1,0,1,0,0,1,0,0,10,10.0,136,11,14,0,0,,chiarbe01,2020-2021,2021
Alex Chiasson,30,EDM,RW,5,0,0,0,-5,0,-0.3,0,0,0,0,0,0,0,5,0.0,64,0,4,0,2,0.0,chiasal01,2020-2021,2021
Jakob Chychrun,22,ARI,D,7,1,4,5,0,4,0.9,1,0,0,1,2,2,0,18,5.6,155,9,11,0,0,,chychja01,2020-2021,2021
Filip Chytil,21,NYR,C,5,2,1,3,3,0,0.5,2,0,0,0,1,0,0,12,16.7,65,1,3,16,27,37.2,chytifi01,2020-2021,2021
Anthony Cirelli,23,TBL,C,4,1,3,4,3,0,0.4,1,0,0,0,3,0,0,9,11.1,73,3,6,17,17,50.0,cirelan01,2020-2021,2021
Casey Cizikas,29,NYI,C,6,0,0,0,-1,2,-0.1,0,0,0,0,0,0,0,6,0.0,84,2,7,41,24,63.1,cizikca01,2020-2021,2021
Kale Clague,22,LAK,D,5,0,1,1,1,4,0.3,0,0,0,0,1,0,0,7,0.0,82,5,3,0,0,,claguka01,2020-2021,2021
Kyle Clifford,30,STL,LW,6,1,0,1,0,2,0.1,1,0,0,0,0,0,0,3,33.3,45,2,8,0,0,,cliffky01,2020-2021,2021
Connor Clifton,25,BOS,D,2,0,0,0,1,2,0.2,0,0,0,0,0,0,0,3,0.0,34,2,7,0,0,,cliftco01,2020-2021,2021
Cal Clutterbuck,33,NYI,RW,6,0,1,1,0,0,0.0,0,0,0,0,1,0,0,9,0.0,84,1,24,0,0,,cluttca01,2020-2021,2021
Braydon Coburn,35,OTT,D,4,0,1,1,-1,2,0.1,0,0,0,0,1,0,0,2,0.0,69,4,8,0,0,,coburbr01,2020-2021,2021
Andrew Cogliano,33,DAL,LW,3,0,0,0,0,0,0.0,0,0,0,0,0,0,0,3,0.0,42,1,6,0,1,0.0,coglian01,2020-2021,2021
Ian Cole,31,MIN,D,4,0,0,0,4,2,0.4,0,0,0,0,0,0,0,2,0.0,68,5,6,0,0,,coleia01,2020-2021,2021
Ian Cole,31,COL,D,2,0,0,0,0,0,0.1,0,0,0,0,0,0,0,2,0.0,29,2,4,0,0,,coleia01,2020-2021,2021
Blake Coleman,29,TBL,C,3,2,1,3,2,2,0.5,2,0,0,1,1,0,0,8,25.0,44,1,4,0,0,,colembl01,2020-2021,2021
J.T. Compher,25,COL,LW,7,0,1,1,-1,6,-0.1,0,0,0,0,0,1,0,4,0.0,104,9,10,33,51,39.3,comphj,2020-2021,2021
Max Comtois,22,ANA,LW,7,3,0,3,1,2,0.6,3,0,0,0,0,0,0,11,27.3,90,4,12,2,1,66.7,comtoma01,2020-2021,2021
Brett Connolly,28,FLA,RW,3,0,0,0,0,0,-0.1,0,0,0,0,0,0,0,2,0.0,33,1,2,0,0,,connobr01,2020-2021,2021
Kyle Connor,24,WPG,LW,7,4,5,9,1,2,0.9,2,2,0,0,5,0,0,17,23.5,141,3,7,0,0,,connoky01,2020-2021,2021
Andrew Copp,26,WPG,C,7,4,5,9,3,2,1.1,3,1,0,0,5,0,0,25,16.0,128,3,7,4,8,33.3,coppan01,2020-2021,2021
Nick Cousins,27,NSH,C,6,0,2,2,1,6,0.1,0,0,0,0,2,0,0,5,0.0,86,0,2,1,1,50.0,cousini01,2020-2021,2021
Logan Couture,31,SJS,C,7,3,3,6,2,2,0.8,2,1,0,0,2,1,0,22,13.6,137,4,3,60,48,55.6,coutulo01,2020-2021,2021
Sean Couturier,28,PHI,C,2,0,1,1,1,0,0.1,0,0,0,0,1,0,0,1,0.0,20,1,0,6,6,50.0,coutuse01,2020-2021,2021
Charlie Coyle,28,BOS,C,6,2,1,3,-2,2,0.3,2,0,0,0,1,0,0,9,22.2,108,2,5,25,30,45.5,coylech01,2020-2021,2021
Dylan Cozens,19,BUF,C,6,2,1,3,2,0,0.5,1,1,0,0,1,0,0,7,28.6,75,2,3,5,4,55.6,cozendy01,2020-2021,2021
Sidney Crosby,33,PIT,C,7,3,4,7,-2,4,0.8,1,2,0,1,2,2,0,19,15.8,141,5,3,90,70,56.3,crosbsi01,2020-2021,2021
Lawson Crouse,23,ARI,LW,7,0,1,1,-3,2,-0.2,0,0,0,0,0,1,0,5,0.0,99,6,29,3,4,42.9,crousla01,2020-2021,2021
Evgenii Dadonov,31,OTT,RW,6,1,1,2,-2,0,0.0,1,0,0,0,0,1,0,12,8.3,99,2,8,0,1,0.0,dadonev01,2020-2021,2021
Rasmus Dahlin,20,BUF,D,7,0,1,1,-7,2,-0.2,0,0,0,0,0,1,0,23,0.0,135,4,6,0,0,,dahlira01,2020-2021,2021
Michael Dal Colle,24,NYI,LW,1,0,0,0,0,0,0.0,0,0,0,0,0,0,0,0,,11,0,0,0,0,,dalcomi01,2020-2021,2021
Phillip Danault,27,MTL,C,6,0,3,3,3,4,0.2,0,0,0,0,3,0,0,2,0.0,98,2,12,50,46,52.1,danauph01,2020-2021,2021
Calvin de Haan,29,CHI,D,7,1,1,2,-4,2,0.2,1,0,0,1,1,0,0,8,12.5,147,13,20,0,0,,dehaaca01,2020-2021,2021
Anthony DeAngelo,25,NYR,D,4,0,0,0,-5,4,-0.3,0,0,0,0,0,0,0,8,0.0,69,6,2,0,0,,deangan01,2020-2021,2021
Alex DeBrincat,23,CHI,RW,6,2,4,6,-1,2,0.6,0,2,0,0,2,2,0,17,11.8,110,3,4,1,2,33.3,debrial01,2020-2021,2021
Jake Debrusk,24,BOS,LW,6,0,1,1,-1,0,0.0,0,0,0,0,1,0,0,9,0.0,84,2,3,2,1,66.7,debruja01,2020-2021,2021
Danny DeKeyser,30,DET,D,7,0,0,0,-2,6,0.1,0,0,0,0,0,0,0,5,0.0,108,7,5,0,0,,dekeyda01,2020-2021,2021
Michael Del Zotto,30,CBJ,D,7,0,4,4,6,0,1.0,0,0,0,0,4,0,0,12,0.0,99,7,7,0,0,,delzomi01,2020-2021,2021
Ty Dellandrea,20,DAL,C,3,0,0,0,0,4,0.0,0,0,0,0,0,0,0,2,0.0,51,3,5,15,13,53.6,dellaty01,2020-2021,2021
Dylan DeMelo,27,WPG,D,3,0,1,1,1,2,0.2,0,0,0,0,1,0,0,5,0.0,59,6,7,0,0,,demeldy01,2020-2021,2021
Jason Demers,32,ARI,D,7,0,0,0,-1,10,0.1,0,0,0,0,0,0,0,4,0.0,124,5,8,0,0,,demerja01,2020-2021,2021
Travis Dermott,24,TOR,D,7,0,0,0,1,4,0.2,0,0,0,0,0,0,0,7,0.0,80,6,1,0,0,,dermotr01,2020-2021,2021
Nicolas Deslauriers,29,ANA,LW,7,2,1,3,2,0,0.5,2,0,0,1,1,0,0,12,16.7,80,3,13,0,0,,deslani01,2020-2021,2021
Phillip Di Giuseppe,27,NYR,LW,5,0,4,4,3,2,0.4,0,0,0,0,4,0,0,13,0.0,60,5,15,0,0,,digiuph01,2020-2021,2021
Jason Dickinson,25,DAL,C,3,1,1,2,0,0,0.3,1,0,0,1,0,1,0,2,50.0,50,3,4,5,7,41.7,dickija01,2020-2021,2021
Brenden Dillon,30,WSH,D,7,1,2,3,5,9,0.8,1,0,0,0,2,0,0,3,33.3,134,10,16,0,0,,dillobr01,2020-2021,2021
Christian Djoos,26,DET,D,3,0,0,0,-2,0,-0.1,0,0,0,0,0,0,0,2,0.0,42,4,1,0,0,,djoosch01,2020-2021,2021
Noah Dobson,21,NYI,D,6,1,3,4,1,2,0.9,1,0,0,0,1,2,0,8,12.5,112,12,5,0,0,,dobsono01,2020-2021,2021
Max Domi,25,CBJ,LW,7,0,2,2,-4,2,-0.1,0,0,0,0,2,0,0,8,0.0,108,1,3,38,45,45.8,domima01,2020-2021,2021
Ryan Donato,24,SJS,C,7,3,2,5,-4,0,0.5,2,1,0,0,1,1,0,19,15.8,101,3,4,10,10,50.0,donatry01,2020-2021,2021
Joonas Donskoi,28,COL,RW,7,3,1,4,1,0,0.7,2,1,0,0,0,1,0,7,42.9,84,2,3,1,2,33.3,donskjo01,2020-2021,2021
Drew Doughty,31,LAK,D,7,2,2,4,-2,4,0.6,1,1,0,0,1,1,0,14,14.3,189,14,13,0,0,,doughdr01,2020-2021,2021
Nic Dowd,30,WSH,C,7,2,0,2,4,8,0.4,2,0,0,0,0,0,0,6,33.3,98,3,15,29,38,43.3,dowdni01,2020-2021,2021
Justin Dowling,30,DAL,C,2,0,0,0,0,0,0.0,0,0,0,0,0,0,0,3,0.0,26,1,1,5,7,41.7,dowliju01,2020-2021,2021
Leon Draisaitl,25,EDM,C,8,4,7,11,6,2,1.5,1,2,1,2,5,2,0,23,17.4,170,4,9,83,61,57.6,draisle01,2020-2021,2021
Jonathan Drouin,25,MTL,LW,6,1,5,6,2,4,0.6,1,0,0,0,4,1,0,5,20.0,92,1,5,1,2,33.3,drouijo01,2020-2021,2021
Dillon Dube,22,CGY,C,3,1,1,2,2,0,0.3,0,1,0,0,1,0,0,6,16.7,31,0,4,2,1,66.7,dubedi01,2020-2021,2021
Pierre-Luc Dubois,22,CBJ,LW,5,1,0,1,-2,2,0.0,1,0,0,1,0,0,0,7,14.3,73,3,2,33,28,54.1,duboipi01,2020-2021,2021
Matt Duchene,30,NSH,C,6,0,2,2,-2,2,-0.1,0,0,0,0,1,1,0,16,0.0,100,0,2,42,39,51.9,duchema01,2020-2021,2021
Anthony Duclair,25,FLA,LW,3,0,4,4,4,0,0.4,0,0,0,0,4,0,0,8,0.0,51,0,4,0,0,,duclaan01,2020-2021,2021
Mathew Dumba,26,MIN,D,7,2,1,3,-2,6,0.6,2,0,0,0,1,0,0,18,11.1,149,5,12,0,0,,dumbama01,2020-2021,2021
Brian Dumoulin,29,PIT,D,7,0,1,1,-1,2,0.2,0,0,0,0,1,0,0,9,0.0,157,8,13,0,0,,dumoubr01,2020-2021,2021
Vince Dunn,24,STL,D,6,1,1,2,-3,2,0.0,1,0,0,0,1,0,0,8,12.5,99,5,5,0,0,,dunnvi02,2020-2021,2021
Christian Dvorak,24,ARI,C,7,1,4,5,-3,4,0.3,0,1,0,0,3,1,0,12,8.3,126,4,5,60,51,54.1,dvorach01,2020-2021,2021
Ryan Dzingel,28,CAR,C,3,1,0,1,-1,0,0.1,0,1,0,0,0,0,0,1,100.0,36,1,4,0,0,,dzingry01,2020-2021,2021
Cody Eakin,29,BUF,C,7,0,0,0,0,0,-0.1,0,0,0,0,0,0,0,3,0.0,99,1,6,60,41,59.4,eakinco01,2020-2021,2021
Jordan Eberle,30,NYI,RW,6,2,2,4,1,2,0.6,1,1,0,1,1,1,0,15,13.3,99,6,4,0,0,,eberljo01,2020-2021,2021
Alexander Edler,34,VAN,D,7,0,2,2,0,4,0.2,0,0,0,0,2,0,0,15,0.0,134,10,15,0,0,,edleral01,2020-2021,2021
Joel Edmundson,27,MTL,D,6,1,1,2,8,7,0.8,1,0,0,0,1,0,0,7,14.3,109,13,18,0,0,,edmunjo01,2020-2021,2021
Nikolaj Ehlers,24,WPG,LW,7,5,6,11,10,0,1.6,4,1,0,1,5,1,0,24,20.8,115,0,3,0,0,,ehlerni01,2020-2021,2021
Jack Eichel,24,BUF,C,7,1,7,8,-4,0,0.6,0,1,0,1,3,4,0,26,3.8,151,6,4,78,73,51.7,eicheja01,2020-2021,2021
Aaron Ekblad,24,FLA,D,3,1,2,3,0,2,0.4,1,0,0,0,1,1,0,11,9.1,81,4,2,0,0,,ekblaaa01,2020-2021,2021
Mattias Ekholm,30,NSH,D,6,0,2,2,3,0,0.5,0,0,0,0,2,0,0,9,0.0,131,13,0,0,0,,ekholma01,2020-2021,2021
Oliver Ekman-Larsson,29,ARI,D,2,0,3,3,1,2,0.5,0,0,0,0,2,1,0,4,0.0,39,1,3,0,0,,ekmanol01,2020-2021,2021
Lars Eller,31,WSH,C,7,1,1,2,-1,4,0.0,1,0,0,0,1,0,0,8,12.5,118,2,3,67,55,54.9,ellerla01,2020-2021,2021
Ryan Ellis,30,NSH,D,6,0,1,1,-1,0,0.0,0,0,0,0,1,0,0,19,0.0,145,15,4,0,0,,ellisry01,2020-2021,2021
Pierre Engvall,24,TOR,LW,3,0,1,1,1,4,0.1,0,0,0,0,1,0,0,6,0.0,31,0,2,3,4,42.9,engvapi01,2020-2021,2021
Tyler Ennis,31,EDM,C,4,0,0,0,-4,0,-0.2,0,0,0,0,0,0,0,2,0.0,39,1,4,0,0,,ennisty01,2020-2021,2021
Joel Eriksson Ek,24,MIN,C,7,4,2,6,6,0,1.1,4,0,0,1,1,1,0,22,18.2,119,4,8,46,60,43.4,eriksjo02,2020-2021,2021
Adam Erne,25,DET,LW,2,0,0,0,0,0,0.0,0,0,0,0,0,0,0,1,0.0,21,0,6,0,0,,ernead01,2020-2021,2021
Jake Evans,24,MTL,C,6,2,0,2,2,10,0.3,1,0,1,0,0,0,0,8,25.0,72,2,10,29,37,43.9,evansja02,2020-2021,2021
Robby Fabbri,25,DET,C,2,1,0,1,2,0,0.2,1,0,0,1,0,0,0,4,25.0,30,3,2,7,18,28.0,fabbrro01,2020-2021,2021
Dante Fabbro,22,NSH,D,6,0,2,2,5,0,0.6,0,0,0,0,2,0,0,12,0.0,109,9,0,0,0,,fabbrda01,2020-2021,2021
Radek Faksa,27,DAL,C,3,0,0,0,0,2,0.0,0,0,0,0,0,0,0,2,0.0,51,3,4,11,18,37.9,faksara01,2020-2021,2021
Joel Farabee,20,PHI,LW,7,2,3,5,0,0,0.5,2,0,0,1,1,2,0,15,13.3,102,1,2,1,1,50.0,farabjo01,2020-2021,2021
Jesper Fast,29,CAR,RW,3,0,0,0,-1,0,-0.1,0,0,0,0,0,0,0,3,0.0,48,4,9,0,2,0.0,fastje01,2020-2021,2021
Justin Faulk,28,STL,D,7,2,0,2,6,7,0.7,2,0,0,0,0,0,0,20,10.0,172,8,26,0,0,,faulkju01,2020-2021,2021
Mario Ferraro,22,SJS,D,7,0,3,3,0,2,0.5,0,0,0,0,2,1,0,13,0.0,155,11,10,0,0,,ferrama01,2020-2021,2021
Kevin Fiala,24,MIN,LW,7,2,0,2,-3,8,0.1,1,1,0,0,0,0,0,29,6.9,132,3,9,2,1,66.7,fialake01,2020-2021,2021
Valtteri Filppula,36,DET,C,7,0,0,0,-4,2,-0.3,0,0,0,0,0,0,0,3,0.0,108,3,2,23,32,41.8,filppva01,2020-2021,2021
Christian Fischer,23,ARI,RW,7,0,0,0,-2,0,-0.2,0,0,0,0,0,0,0,3,0.0,80,3,25,0,2,0.0,fischch01,2020-2021,2021
Haydn Fleury,24,CAR,D,3,0,0,0,-1,0,0.0,0,0,0,0,0,0,0,5,0.0,49,5,5,0,0,,fleurha01,2020-2021,2021
Warren Foegele,24,CAR,LW,3,0,0,0,-2,6,-0.1,0,0,0,0,0,0,0,8,0.0,40,1,3,0,1,0.0,foegewa01,2020-2021,2021
Marcus Foligno,29,MIN,LW,7,1,2,3,4,2,0.4,1,0,0,0,2,0,0,9,11.1,102,2,20,1,1,50.0,foligma01,2020-2021,2021
Nick Foligno,33,CBJ,LW,7,3,1,4,0,9,0.5,2,1,0,0,0,0,1,12,25.0,116,7,16,29,25,53.7,foligni01,2020-2021,2021
Callan Foote,22,TBL,D,2,0,0,0,2,0,0.2,0,0,0,0,0,0,0,3,0.0,26,1,2,0,0,,footeca01,2020-2021,2021
Derek Forbort,28,WPG,D,7,0,4,4,2,6,0.5,0,0,0,0,4,0,0,10,0.0,144,13,13,0,0,,forbode01,2020-2021,2021
Filip Forsberg,26,NSH,C,6,4,0,4,0,4,0.6,3,1,0,1,0,0,0,18,22.2,114,5,9,0,0,,forsbfi01,2020-2021,2021
Gustav Forsling,24,FLA,D,2,0,0,0,1,0,0.1,0,0,0,0,0,0,0,2,0.0,39,3,2,0,0,,forslgu02,2020-2021,2021
Liam Foudy,20,CBJ,C,7,0,2,2,3,0,0.2,0,0,0,0,2,0,0,12,0.0,97,1,3,2,3,40.0,foudyli01,2020-2021,2021
Cam Fowler,29,ANA,D,7,1,0,1,-2,2,0.3,1,0,0,0,0,0,0,8,12.5,154,8,2,0,0,,fowleca01,2020-2021,2021
Adam Fox,22,NYR,D,6,1,4,5,1,2,0.9,0,1,0,0,1,3,0,13,7.7,143,15,4,0,0,,foxad01,2020-2021,2021
Trent Frederic,22,BOS,C,6,0,1,1,2,0,0.1,0,0,0,0,1,0,0,6,0.0,70,1,7,1,4,20.0,fredetr01,2020-2021,2021
Mark Friedman,25,PHI,D,3,0,0,0,-1,4,-0.1,0,0,0,0,0,0,0,1,0.0,34,0,3,0,0,,friedma01,2020-2021,2021
Morgan Frost,21,PHI,C,2,0,0,0,0,0,0.0,0,0,0,0,0,0,0,0,,20,0,0,10,10,50.0,frostmo01,2020-2021,2021
Sam Gagner,31,DET,C,4,0,0,0,-1,5,-0.1,0,0,0,0,0,0,0,6,0.0,50,0,0,3,8,27.3,gagnesa01,2020-2021,2021
Alex Galchenyuk,26,OTT,C,3,1,0,1,-4,4,0.0,0,1,0,0,0,0,0,7,14.3,34,0,4,0,0,,galchal01,2020-2021,2021
Brendan Gallagher,28,MTL,RW,6,2,2,4,2,2,0.5,2,0,0,1,2,0,0,24,8.3,92,1,4,6,4,60.0,gallabr01,2020-2021,2021
Dylan Gambrell,24,SJS,C,4,0,1,1,-2,2,-0.1,0,0,0,0,1,0,0,2,0.0,59,2,2,27,21,56.3,gambrdy01,2020-2021,2021
Jake Gardiner,30,CAR,D,3,0,2,2,2,0,0.5,0,0,0,0,1,1,0,3,0.0,44,1,2,0,0,,gardija01,2020-2021,2021
Rhett Gardner,24,DAL,C,1,0,0,0,-1,2,0.0,0,0,0,0,0,0,0,1,0.0,8,0,1,2,1,66.7,gardnrh01,2020-2021,2021
Conor Garland,24,ARI,RW,7,2,4,6,2,6,0.7,1,1,0,0,3,1,0,27,7.4,122,2,1,0,1,0.0,garlaco01,2020-2021,2021
Adam Gaudette,24,VAN,C,6,1,0,1,-5,4,-0.1,1,0,0,0,0,0,0,14,7.1,60,0,3,15,21,41.7,gaudead01,2020-2021,2021
Johnny Gaudreau,27,CGY,LW,5,4,3,7,2,0,1.1,2,2,0,0,1,2,0,12,33.3,98,0,1,0,0,,gaudrjo01,2020-2021,2021
Julien Gauthier,23,NYR,RW,3,0,0,0,-2,0,-0.1,0,0,0,0,0,0,0,4,0.0,26,0,7,0,1,0.0,gauthju01,2020-2021,2021
Vladislav Gavrikov,25,CBJ,D,7,1,0,1,1,2,0.4,1,0,0,1,0,0,0,6,16.7,138,7,9,0,0,,gavrivl01,2020-2021,2021
Morgan Geekie,22,CAR,C,2,0,0,0,0,0,0.0,0,0,0,0,0,0,0,3,0.0,20,0,2,5,6,45.5,geekimo01,2020-2021,2021
Nathan Gerbe,33,CBJ,C,1,0,1,1,1,2,0.1,0,0,0,0,1,0,0,1,0.0,10,1,2,0,0,,gerbena01,2020-2021,2021
Ryan Getzlaf,35,ANA,C,7,0,3,3,1,4,0.2,0,0,0,0,3,0,0,10,0.0,116,7,18,45,46,49.5,getzlry01,2020-2021,2021
Dennis Gilbert,24,COL,D,1,0,0,0,0,0,0.0,0,0,0,0,0,0,0,0,,10,0,1,0,0,,gilbede01,2020-2021,2021
Mark Giordano,37,CGY,D,5,1,2,3,-3,0,0.4,0,1,0,0,1,1,0,11,9.1,109,5,2,0,0,,giordma01,2020-2021,2021
Samuel Girard,22,COL,D,7,1,5,6,0,4,1.0,1,0,0,0,1,4,0,16,6.3,141,5,6,0,0,,girarsa01,2020-2021,2021
Claude Giroux,33,PHI,C,7,0,6,6,4,4,0.5,0,0,0,0,3,3,0,10,0.0,128,1,7,53,43,55.2,giroucl01,2020-2021,2021
Cody Glass,21,VEG,C,3,1,1,2,0,0,0.2,0,1,0,0,1,0,0,2,50.0,39,1,1,14,9,60.9,glassco01,2020-2021,2021
Luke Glendening,31,DET,C,7,0,0,0,-3,6,-0.2,0,0,0,0,0,0,0,4,0.0,102,11,11,72,29,71.3,glendlu01,2020-2021,2021
Alex Goligoski,35,ARI,D,7,0,1,1,0,2,0.3,0,0,0,0,1,0,0,6,0.0,156,14,8,0,0,,goligal01,2020-2021,2021
Barclay Goodrow,27,TBL,RW,4,0,2,2,2,4,0.1,0,0,0,0,2,0,0,4,0.0,60,1,4,5,10,33.3,goodrba01,2020-2021,2021
Shayne Gostisbehere,27,PHI,D,1,0,0,0,2,0,0.2,0,0,0,0,0,0,0,3,0.0,22,2,1,0,0,,gostish01,2020-2021,2021
Yanni Gourde,29,TBL,C,4,1,2,3,2,0,0.3,1,0,0,0,2,0,0,5,20.0,62,0,2,20,23,46.5,gourdya01,2020-2021,2021
Mikael Granlund,28,NSH,C,3,2,1,3,2,0,0.5,2,0,0,0,1,0,0,10,20.0,60,3,1,4,2,66.7,granlmi01,2020-2021,2021
Derek Grant,30,ANA,C,7,0,2,2,1,4,0.1,0,0,0,0,2,0,0,9,0.0,113,11,6,51,55,48.1,grantde01,2020-2021,2021
Ryan Graves,25,COL,D,6,0,1,1,-4,16,0.0,0,0,0,0,1,0,0,10,0.0,103,6,11,0,0,,gravery01,2020-2021,2021
Andy Greene,38,NYI,D,6,0,0,0,3,0,0.5,0,0,0,0,0,0,0,5,0.0,101,18,3,0,0,,greenan01,2020-2021,2021
Jordan Greenway,23,MIN,LW,7,1,5,6,7,12,0.9,1,0,0,0,5,0,0,10,10.0,107,4,7,1,2,33.3,greenjo02,2020-2021,2021
Noah Gregor,22,SJS,C,5,2,0,2,-4,2,0.2,2,0,0,0,0,0,0,13,15.4,58,3,4,7,15,31.8,gregono01,2020-2021,2021
Mikhail Grigorenko,26,CBJ,C,7,1,1,2,-1,2,0.1,1,0,0,0,1,0,0,8,12.5,104,4,3,1,3,25.0,grigomi01,2020-2021,2021
Rocco Grimaldi,27,NSH,C,4,1,1,2,-2,2,0.1,1,0,0,0,1,0,0,4,25.0,50,1,3,0,0,,grimaro01,2020-2021,2021
Jordan Gross,25,ARI,D,1,0,0,0,0,0,0.0,0,0,0,0,0,0,0,4,0.0,17,0,1,0,0,,grossjo01,2020-2021,2021
Carl Grundstrom,23,LAK,RW,5,2,0,2,-1,0,0.3,2,0,0,1,0,0,0,6,33.3,53,2,10,0,1,0.0,grundca01,2020-2021,2021
Matt Grzelcyk,27,BOS,D,4,0,2,2,-1,6,0.3,0,0,0,0,1,1,0,13,0.0,79,3,0,0,0,,grzelma01,2020-2021,2021
Radko Gudas,30,FLA,D,3,0,1,1,3,2,0.3,0,0,0,0,1,0,0,4,0.0,46,3,13,0,0,,gudasra01,2020-2021,2021
Erik Gudbranson,29,OTT,D,6,0,1,1,-7,6,-0.3,0,0,0,0,1,0,0,6,0.0,116,13,19,0,0,,gudbrer01,2020-2021,2021
Jake Guentzel,26,PIT,C,7,2,3,5,-4,6,0.3,1,1,0,1,2,1,0,17,11.8,144,1,5,0,2,0.0,guentja01,2020-2021,2021
Carl Gunnarsson,34,STL,D,4,0,1,1,1,4,0.1,0,0,0,0,1,0,0,1,0.0,51,7,2,0,0,,gunnaca01,2020-2021,2021
Denis Gurianov,23,DAL,RW,3,2,2,4,0,2,0.6,0,2,0,0,1,1,0,12,16.7,48,0,3,0,0,,guriade01,2020-2021,2021
Nikita Gusev,28,NJD,LW,6,0,1,1,-3,0,-0.2,0,0,0,0,1,0,0,15,0.0,87,1,1,0,0,,gusevni01,2020-2021,2021
David Gustafsson,20,WPG,C,2,0,0,0,-1,0,-0.1,0,0,0,0,0,0,0,1,0.0,11,0,0,5,4,55.6,gustada01,2020-2021,2021
Erik Gustafsson,28,PHI,D,6,0,3,3,-2,0,0.1,0,0,0,0,1,2,0,6,0.0,111,6,5,0,0,,gustaer02,2020-2021,2021
Brandon Hagel,22,CHI,LW,4,0,0,0,-1,2,-0.1,0,0,0,0,0,0,0,6,0.0,42,3,3,0,0,,hagelbr01,2020-2021,2021
Carl Hagelin,32,WSH,LW,7,0,0,0,2,2,-0.2,0,0,0,0,0,0,0,9,0.0,106,3,2,0,4,0.0,hagelca01,2020-2021,2021
Robert Hagg,25,PHI,D,7,0,0,0,-1,2,-0.1,0,0,0,0,0,0,0,5,0.0,115,8,21,0,0,,haggro01,2020-2021,2021
Nicolas Hague,22,VEG,D,4,0,1,1,2,0,0.3,0,0,0,0,1,0,0,5,0.0,54,3,6,0,0,,hagueni01,2020-2021,2021
Jani Hakanpaa,28,ANA,D,7,0,0,0,5,4,0.6,0,0,0,0,0,0,0,5,0.0,127,18,19,0,0,,hakanja01,2020-2021,2021
Micheal Haley,34,OTT,C,1,0,0,0,0,5,0.0,0,0,0,0,0,0,0,0,,8,0,3,0,1,0.0,haleymi01,2020-2021,2021
Taylor Hall,29,BUF,LW,7,1,5,6,-4,2,0.4,0,1,0,0,3,2,0,22,4.5,146,4,9,0,0,,hallta02,2020-2021,2021
Dougie Hamilton,27,CAR,D,3,0,2,2,1,5,0.5,0,0,0,0,0,2,0,5,0.0,65,0,3,0,0,,hamildo01,2020-2021,2021
Travis Hamonic,30,VAN,D,5,0,2,2,0,4,0.2,0,0,0,0,2,0,0,7,0.0,91,7,4,0,1,0.0,hamontr01,2020-2021,2021
Fredrik Händemark,27,SJS,C,1,0,0,0,-1,0,-0.1,0,0,0,0,0,0,0,0,,10,0,0,2,3,40.0,handefr01,2020-2021,2021
Noah Hanifin,24,CGY,D,5,0,2,2,4,4,0.7,0,0,0,0,2,0,0,9,0.0,93,2,1,0,0,,hanifno01,2020-2021,2021
Joel Hanley,29,DAL,D,1,0,0,0,0,0,0.0,0,0,0,0,0,0,0,0,,11,0,1,0,0,,hanlejo01,2020-2021,2021
Jansen Harkins,23,WPG,C,6,0,0,0,-1,4,-0.2,0,0,0,0,0,0,0,4,0.0,53,0,2,4,1,80.0,harkija01,2020-2021,2021
Ryan Hartman,26,MIN,RW,7,1,1,2,-2,2,0.1,0,0,1,0,1,0,0,10,10.0,70,5,1,7,12,36.8,hartmry01,2020-2021,2021
Garnet Hathaway,29,WSH,RW,7,1,1,2,4,0,0.3,1,0,0,0,1,0,0,5,20.0,87,2,25,2,2,50.0,hathaga01,2020-2021,2021
Erik Haula,29,NSH,LW,6,0,2,2,3,4,0.1,0,0,0,0,2,0,0,6,0.0,91,3,5,22,20,52.4,haulaer01,2020-2021,2021
John Hayden,25,ARI,C,1,0,0,0,0,0,0.0,0,0,0,0,0,0,0,0,,10,1,3,0,0,,haydejo01,2020-2021,2021
Kevin Hayes,28,PHI,RW,7,3,5,8,2,0,0.9,3,0,0,0,4,1,0,16,18.8,133,0,7,38,44,46.3,hayeske01,2020-2021,2021
Barrett Hayton,20,ARI,C,6,1,0,1,1,0,0.1,1,0,0,0,0,0,0,4,25.0,72,0,5,14,15,48.3,haytoba01,2020-2021,2021
Victor Hedman,30,TBL,D,4,1,4,5,-1,0,0.5,1,0,0,0,1,3,0,12,8.3,103,8,5,0,0,,hedmavi01,2020-2021,2021
Danton Heinen,25,ANA,C,7,1,1,2,1,0,0.2,1,0,0,1,1,0,0,16,6.3,100,7,4,0,1,0.0,heineda01,2020-2021,2021
Ville Heinola,19,WPG,D,1,0,0,0,2,0,0.2,0,0,0,0,0,0,0,1,0.0,14,1,0,0,0,,heinovi01,2020-2021,2021
Miro Heiskanen,21,DAL,D,3,0,1,1,-1,0,0.3,0,0,0,0,0,1,0,4,0.0,67,5,0,0,0,,heiskmi01,2020-2021,2021
Darren Helm,34,DET,C,1,0,0,0,0,0,0.0,0,0,0,0,0,0,0,0,,9,0,2,0,0,,helmda01,2020-2021,2021
Adam Henrique,30,ANA,C,7,1,1,2,-3,0,0.1,1,0,0,0,1,0,0,10,10.0,119,7,15,62,42,59.6,henriad01,2020-2021,2021
Tomas Hertl,27,SJS,C,7,3,4,7,-6,2,0.6,1,2,0,0,2,2,0,10,30.0,145,3,2,83,82,50.3,hertlto01,2020-2021,2021
Matthew Highmore,24,CHI,LW,4,0,0,0,0,0,-0.1,0,0,0,0,0,0,0,3,0.0,37,0,3,0,0,,highmma01,2020-2021,2021
Vinnie Hinostroza,26,FLA,C,2,0,0,0,0,0,-0.1,0,0,0,0,0,0,0,0,,23,1,1,0,0,,hinosvi01,2020-2021,2021
Roope Hintz,24,DAL,LW,2,1,4,5,-1,0,0.6,0,1,0,0,0,4,0,1,100.0,36,1,4,16,16,50.0,hintzro01,2020-2021,2021
Taro Hirose,24,DET,LW,2,0,1,1,1,0,0.1,0,0,0,0,1,0,0,4,0.0,25,1,0,1,0,100.0,hirosta01,2020-2021,2021
Niklas Hjalmarsson,33,ARI,D,7,0,0,0,-1,4,0.1,0,0,0,0,0,0,0,7,0.0,130,12,5,0,0,,hjalmni01,2020-2021,2021
Mike Hoffman,31,STL,C,6,1,1,2,-1,0,0.1,1,0,0,0,1,0,0,13,7.7,83,0,4,0,2,0.0,hoffmmi02,2020-2021,2021
Nils Hoglander,20,VAN,LW,8,2,2,4,0,4,0.4,2,0,0,0,2,0,0,12,16.7,117,8,5,0,0,,hoglani01,2020-2021,2021
Justin Holl,29,TOR,D,8,0,5,5,5,2,1.1,0,0,0,0,5,0,0,5,0.0,173,14,13,0,0,,hollju01,2020-2021,2021
Patric Hornqvist,34,FLA,RW,3,4,1,5,2,0,0.9,2,2,0,0,0,1,0,8,50.0,42,1,5,0,1,0.0,hornqpa01,2020-2021,2021
Bo Horvat,25,VAN,C,8,5,5,10,-2,2,1.2,2,3,0,0,4,1,0,20,25.0,151,3,5,105,68,60.7,horvabo01,2020-2021,2021
Brett Howden,22,NYR,C,6,0,1,1,0,0,0.0,0,0,0,0,1,0,0,8,0.0,83,2,10,27,28,49.1,howdebr01,2020-2021,2021
Filip Hronek,23,DET,D,7,0,4,4,-2,4,0.6,0,0,0,0,2,2,0,14,0.0,170,8,9,0,0,,hronefi01,2020-2021,2021
Jonathan Huberdeau,27,FLA,LW,3,1,3,4,1,2,0.4,0,1,0,0,2,1,0,3,33.3,48,0,2,0,0,,huberjo01,2020-2021,2021
Jack Hughes,19,NJD,C,6,3,4,7,1,0,0.8,2,1,0,1,3,1,0,11,27.3,114,3,3,28,46,37.8,hugheja03,2020-2021,2021
Quinn Hughes,21,VAN,D,8,1,6,7,-7,4,0.3,1,0,0,0,3,3,0,24,4.2,189,5,1,0,0,,hughequ01,2020-2021,2021
Brad Hunt,32,MIN,D,2,0,0,0,0,0,0.0,0,0,0,0,0,0,0,2,0.0,9,1,0,0,0,,huntbr01,2020-2021,2021
Ben Hutton,27,ANA,D,1,0,0,0,1,0,0.1,0,0,0,0,0,0,0,1,0.0,20,3,4,0,0,,huttobe01,2020-2021,2021
Zach Hyman,28,TOR,C,8,1,2,3,2,8,0.3,0,1,0,0,1,1,0,21,4.8,157,4,16,4,9,30.8,hymanza01,2020-2021,2021
Alex Iafallo,27,LAK,C,7,1,3,4,0,0,0.3,0,1,0,0,2,1,0,18,5.6,145,4,5,0,0,,iafalal01,2020-2021,2021
Matt Irwin,33,BUF,D,1,0,1,1,1,0,0.2,0,0,0,0,1,0,0,1,0.0,18,0,2,0,0,,irwinma01,2020-2021,2021
Mark Jankowski,26,PIT,C,7,1,2,3,-1,0,0.2,1,0,0,0,2,0,0,7,14.3,90,4,5,37,42,46.8,jankoma01,2020-2021,2021
Mattias Janmark,28,CHI,C,7,3,1,4,0,0,0.5,2,0,1,0,0,1,0,11,27.3,117,1,1,3,1,75.0,janmama02,2020-2021,2021
Calle Jarnkrok,29,NSH,C,3,1,0,1,1,0,0.2,1,0,0,0,0,0,0,3,33.3,36,1,2,2,1,66.7,jarnkca01,2020-2021,2021
Boone Jenner,27,CBJ,C,7,2,3,5,-3,0,0.4,2,0,0,0,3,0,0,12,16.7,127,11,12,23,21,52.3,jennebo01,2020-2021,2021
Nick Jensen,30,WSH,D,5,0,1,1,1,2,0.2,0,0,0,0,1,0,0,3,0.0,95,4,9,0,0,,jenseni02,2020-2021,2021
Ryan Johansen,28,NSH,C,6,0,2,2,0,4,0.0,0,0,0,0,0,2,0,11,0.0,112,1,5,56,44,56.0,johanry01,2020-2021,2021
Marcus Johansson,30,MIN,C,7,1,0,1,-2,4,0.0,1,0,0,1,0,0,0,8,12.5,114,5,2,3,7,30.0,johanma03,2020-2021,2021
Erik Johnson,32,COL,D,2,0,1,1,1,2,0.2,0,0,0,0,1,0,0,3,0.0,31,2,2,0,0,,johnser01,2020-2021,2021
Jack Johnson,34,NYR,D,5,0,0,0,-4,4,-0.2,0,0,0,0,0,0,0,5,0.0,83,3,18,0,0,,johnsja02,2020-2021,2021
Tyler Johnson,30,TBL,C,3,0,1,1,0,0,0.0,0,0,0,0,1,0,0,6,0.0,46,0,5,9,17,34.6,johnsty01,2020-2021,2021
Andreas Johnsson,26,NJD,LW,6,0,1,1,1,2,0.0,0,0,0,0,1,0,0,2,0.0,71,2,4,2,0,100.0,johnsan01,2020-2021,2021
Ross Johnston,26,NYI,LW,6,0,0,0,-2,18,-0.1,0,0,0,0,0,0,0,2,0.0,51,3,22,1,2,33.3,johnsro02,2020-2021,2021
Henri Jokiharju,21,BUF,D,6,1,0,1,-1,0,0.3,1,0,0,0,0,0,0,7,14.3,104,7,4,0,0,,jokihhe01,2020-2021,2021
Caleb Jones,23,EDM,D,4,0,1,1,-3,2,-0.1,0,0,0,0,1,0,0,2,0.0,62,5,1,0,0,,jonesca01,2020-2021,2021
Max Jones,22,ANA,LW,3,0,0,0,2,0,0.0,0,0,0,0,0,0,0,2,0.0,36,0,9,0,0,,jonesma03,2020-2021,2021
Seth Jones,26,CBJ,D,7,0,1,1,-6,2,-0.2,0,0,0,0,1,0,0,15,0.0,179,8,7,0,0,,jonesse01,2020-2021,2021
Mathieu Joseph,23,TBL,RW,4,2,0,2,2,0,0.4,2,0,0,1,0,0,0,8,25.0,38,0,6,1,1,50.0,josepma01,2020-2021,2021
Pierre-Olivier Joseph,21,PIT,D,3,0,1,1,2,0,0.3,0,0,0,0,1,0,0,5,0.0,39,0,7,0,0,,joseppi01,2020-2021,2021
Roman Josi,30,NSH,D,6,1,1,2,-2,0,0.2,1,0,0,1,1,0,0,26,3.8,147,7,3,0,0,,josiro01,2020-2021,2021
Tyson Jost,22,COL,C,7,0,1,1,0,6,0.0,0,0,0,0,1,0,0,4,0.0,98,1,3,9,9,50.0,jostty01,2020-2021,2021
Olli Juolevi,22,VAN,D,7,1,0,1,2,0,0.4,1,0,0,0,0,0,0,5,20.0,90,8,7,0,0,,juoleol01,2020-2021,2021
Nazem Kadri,30,COL,C,7,1,2,3,-7,8,0.0,0,1,0,0,1,1,0,20,5.0,117,0,7,54,41,56.8,kadrina01,2020-2021,2021
Dominik Kahun,25,EDM,C,8,0,1,1,2,0,0.0,0,0,0,0,1,0,0,15,0.0,108,2,5,2,2,50.0,kahundo01,2020-2021,2021
Kaapo Kakko,19,NYR,RW,6,2,0,2,-1,2,0.2,2,0,0,0,0,0,0,10,20.0,83,1,1,0,2,0.0,kakkoka01,2020-2021,2021
David Kampf,26,CHI,C,7,0,0,0,-2,8,-0.2,0,0,0,0,0,0,0,8,0.0,92,1,6,46,35,56.8,kampfda01,2020-2021,2021
Evander Kane,29,SJS,LW,7,2,3,5,-5,18,0.3,1,1,0,0,1,2,0,19,10.5,133,2,12,7,7,50.0,kaneev01,2020-2021,2021
Patrick Kane,32,CHI,RW,7,3,4,7,-2,2,0.7,2,1,0,0,2,2,0,22,13.6,137,4,1,0,0,,kanepa01,2020-2021,2021
Kasperi Kapanen,24,PIT,RW,4,1,2,3,2,0,0.4,1,0,0,0,2,0,0,6,16.7,54,0,10,0,0,,kapanka01,2020-2021,2021
Kirill Kaprizov,23,MIN,LW,7,1,5,6,3,2,0.7,1,0,0,1,5,0,0,12,8.3,132,2,4,0,2,0.0,kapriki01,2020-2021,2021
Erik Karlsson,30,SJS,D,7,0,3,3,-9,2,-0.1,0,0,0,0,2,1,0,12,0.0,191,13,1,0,0,,karlser01,2020-2021,2021
William Karlsson,28,VEG,C,7,2,1,3,1,0,0.3,2,0,0,1,1,0,0,14,14.3,134,5,2,64,57,52.9,karlswi01,2020-2021,2021
Ondrej Kase,25,BOS,RW,2,0,0,0,0,0,0.0,0,0,0,0,0,0,0,2,0.0,19,0,0,0,0,,kaseon01,2020-2021,2021
Zack Kassian,30,EDM,RW,7,0,2,2,-3,4,-0.1,0,0,0,0,2,0,0,7,0.0,103,1,18,0,0,,kassiza01,2020-2021,2021
Martin Kaut,21,COL,RW,1,0,0,0,0,2,0.0,0,0,0,0,0,0,0,0,,6,0,0,0,0,,kautma01,2020-2021,2021
Duncan Keith,37,CHI,D,7,0,5,5,-2,10,0.6,0,0,0,0,2,3,0,10,0.0,158,12,1,0,0,,keithdu01,2020-2021,2021
Clayton Keller,22,ARI,C,7,2,1,3,1,4,0.4,2,0,0,0,1,0,0,18,11.1,117,2,1,1,3,25.0,kellecl01,2020-2021,2021
Joel Kellman,26,SJS,F,1,0,0,0,-1,2,-0.1,0,0,0,0,0,0,0,1,0.0,12,1,0,3,3,50.0,kellmjo01,2020-2021,2021
Adrian Kempe,24,LAK,LW,7,3,2,5,0,4,0.6,2,1,0,1,1,1,0,19,15.8,123,4,6,0,2,0.0,kempead01,2020-2021,2021
Alexander Kerfoot,26,TOR,C,8,1,2,3,1,2,0.3,1,0,0,0,2,0,0,13,7.7,114,4,5,33,33,50.0,kerfoal01,2020-2021,2021
Tanner Kero,28,DAL,RW,2,0,0,0,0,0,0.0,0,0,0,0,0,0,0,3,0.0,29,2,1,2,0,100.0,kerota01,2020-2021,2021
Phil Kessel,33,ARI,RW,7,4,0,4,-4,0,0.5,3,1,0,0,0,0,0,17,23.5,115,1,3,1,1,50.0,kesseph01,2020-2021,2021
Jujhar Khaira,26,EDM,LW,3,0,1,1,-3,10,-0.1,0,0,0,0,1,0,0,3,0.0,29,2,6,5,17,22.7,khairju01,2020-2021,2021
Alex Killorn,31,TBL,C,4,1,2,3,1,4,0.3,1,0,0,0,2,0,0,11,9.1,71,1,4,0,1,0.0,killoal01,2020-2021,2021
Joel Kiviranta,24,DAL,F,1,1,1,2,2,0,0.4,0,1,0,0,1,0,0,2,50.0,12,1,1,0,0,,kivirjo01,2020-2021,2021
John Klingberg,28,DAL,D,3,1,5,6,1,2,1.1,0,1,0,0,1,4,0,5,20.0,64,2,3,0,0,,klingjo01,2020-2021,2021
Nikolai Knyzhov,22,SJS,D,7,0,0,0,-2,4,-0.1,0,0,0,0,0,0,0,4,0.0,73,4,6,0,0,,knyzhni01,2020-2021,2021
Slater Koekkoek,26,EDM,D,7,1,0,1,-1,2,0.2,1,0,0,0,0,0,0,8,12.5,114,16,4,0,0,,koekksl01,2020-2021,2021
Mikko Koivu,37,CBJ,C,1,0,1,1,0,2,0.1,0,0,0,0,1,0,0,0,,14,0,1,8,6,57.1,koivumi01,2020-2021,2021
Keegan Kolesar,23,VEG,RW,7,0,2,2,-1,0,0.1,0,0,0,0,2,0,0,4,0.0,43,1,19,1,7,12.5,koleske01,2020-2021,2021
Leo Komarov,34,NYI,C,1,0,0,0,-1,5,0.0,0,0,0,0,0,0,0,0,,11,1,1,0,0,,komarle01,2020-2021,2021
Travis Konecny,23,PHI,C,7,5,3,8,5,0,1.2,3,2,0,1,3,0,0,13,38.5,109,4,12,1,3,25.0,konectr01,2020-2021,2021
Anze Kopitar,33,LAK,C,7,1,9,10,0,2,0.9,1,0,0,1,4,5,0,15,6.7,161,5,8,85,68,55.6,kopitan01,2020-2021,2021
Jesperi Kotkaniemi,20,MTL,C,6,1,2,3,4,2,0.3,1,0,0,0,2,0,0,13,7.7,86,5,14,28,31,47.5,kotkaje01,2020-2021,2021
Chris Kreider,29,NYR,LW,6,2,0,2,-2,6,0.2,1,1,0,0,0,0,0,11,18.2,108,4,15,1,5,16.7,kreidch01,2020-2021,2021
David Krejci,34,BOS,C,6,0,5,5,0,4,0.4,0,0,0,0,2,3,0,10,0.0,113,3,2,43,34,55.8,krejcda01,2020-2021,2021
Torey Krug,29,STL,D,7,1,2,3,2,6,0.4,0,1,0,0,1,1,0,15,6.7,158,6,7,0,0,,krugto01,2020-2021,2021
Dominik Kubalík,25,CHI,LW,7,2,3,5,-1,4,0.5,0,2,0,0,1,2,0,21,9.5,104,0,4,0,0,,kubaldo01,2020-2021,2021
Dean Kukan,27,CBJ,D,7,0,2,2,3,0,0.5,0,0,0,0,2,0,0,5,0.0,92,9,8,0,0,,kukande01,2020-2021,2021
Brett Kulak,27,MTL,D,6,0,2,2,4,6,0.4,0,0,0,0,2,0,0,7,0.0,81,10,6,0,0,,kulakbr01,2020-2021,2021
Dmitry Kulikov,30,NJD,D,6,0,1,1,2,0,0.3,0,0,0,0,1,0,0,9,0.0,122,10,10,0,0,,kulikdm01,2020-2021,2021
Luke Kunin,23,NSH,C,6,2,0,2,-1,2,0.2,2,0,0,0,0,0,0,10,20.0,87,4,10,1,1,50.0,kuninlu01,2020-2021,2021
Janne Kuokkanen,22,NJD,C,6,0,1,1,1,4,0.0,0,0,0,0,1,0,0,4,0.0,71,1,1,0,3,0.0,kuokkja01,2020-2021,2021
Sean Kuraly,28,BOS,C,6,0,0,0,-2,8,-0.1,0,0,0,0,0,0,0,9,0.0,86,4,11,27,16,62.8,kuralse01,2020-2021,2021
Philipp Kurashev,21,CHI,C,6,2,0,2,-1,0,0.3,2,0,0,0,0,0,0,9,22.2,76,0,2,0,0,,kurasph01,2020-2021,2021
Evgeny Kuznetsov,28,WSH,C,4,1,2,3,1,4,0.3,1,0,0,0,1,1,0,11,9.1,62,3,2,19,27,41.3,kuzneev01,2020-2021,2021
Jordan Kyrou,22,STL,C,7,3,4,7,2,0,0.9,3,0,0,2,4,0,0,20,15.0,91,0,2,1,2,33.3,kyroujo01,2020-2021,2021
Kevin Labanc,25,SJS,RW,7,1,4,5,1,4,0.5,1,0,0,0,4,0,0,23,4.3,109,3,4,0,0,,labanke01,2020-2021,2021
Sam Lafferty,25,PIT,C,3,0,0,0,-2,0,-0.1,0,0,0,0,0,0,0,4,0.0,21,0,7,1,3,25.0,laffesa01,2020-2021,2021
Alexis Lafreniere,19,NYR,LW,6,0,0,0,-3,2,-0.3,0,0,0,0,0,0,0,9,0.0,93,2,5,0,1,0.0,lafreal01,2020-2021,2021
William Lagesson,24,EDM,D,1,0,0,0,0,0,0.0,0,0,0,0,0,0,0,0,,11,0,1,0,0,,lageswi01,2020-2021,2021
Patrik Laine,22,WPG,RW,1,2,1,3,1,4,0.5,2,0,0,1,0,1,0,3,66.7,16,1,3,1,1,50.0,lainepa01,2020-2021,2021
Gabriel Landeskog,28,COL,LW,7,3,3,6,1,4,0.8,3,0,0,2,2,1,0,23,13.0,138,4,17,28,22,56.0,landega01,2020-2021,2021
Dylan Larkin,24,DET,C,7,3,3,6,-1,9,0.7,3,0,0,0,1,2,0,24,12.5,149,1,7,65,59,52.4,larkidy01,2020-2021,2021
Adam Larsson,28,EDM,D,8,2,0,2,-4,6,0.2,2,0,0,0,0,0,0,11,18.2,137,28,21,0,0,,larssad01,2020-2021,2021
Jacob Larsson,23,ANA,D,7,0,2,2,1,2,0.5,0,0,0,0,2,0,0,5,0.0,102,8,2,0,0,,larssja01,2020-2021,2021
Johan Larsson,28,ARI,LW,7,0,0,0,-2,4,-0.2,0,0,0,0,0,0,0,6,0.0,96,6,6,46,50,47.9,larssjo02,2020-2021,2021
Scott Laughton,26,PHI,C,7,0,3,3,0,6,0.0,0,0,0,0,3,0,0,9,0.0,108,6,19,25,38,39.7,laughsc01,2020-2021,2021
Jeremy Lauzon,23,BOS,D,6,0,1,1,-3,0,0.2,0,0,0,0,1,0,0,11,0.0,120,7,16,0,0,,lauzoje01,2020-2021,2021
Curtis Lazar,25,BUF,C,7,2,1,3,1,0,0.5,2,0,0,0,1,0,0,7,28.6,83,2,15,14,16,46.7,lazarcu01,2020-2021,2021
Nick Leddy,29,NYI,D,6,0,3,3,-3,0,0.4,0,0,0,0,1,2,0,13,0.0,122,4,5,0,0,,leddyni01,2020-2021,2021
Anders Lee,30,NYI,LW,6,2,1,3,2,4,0.5,1,1,0,0,1,0,0,19,10.5,105,3,6,19,21,47.5,leean01,2020-2021,2021
Artturi Lehkonen,25,MTL,LW,6,1,1,2,-1,2,0.1,0,0,1,0,1,0,0,8,12.5,81,3,10,2,1,66.7,lehkoar01,2020-2021,2021
Mikko Lehtonen,27,TOR,D,3,0,0,0,-1,0,0.0,0,0,0,0,0,0,0,1,0.0,28,0,1,0,0,,lehtomi03,2020-2021,2021
Josh Leivo,27,CGY,LW,5,0,1,1,-1,0,0.0,0,0,0,0,1,0,0,5,0.0,60,0,2,1,0,100.0,leivojo01,2020-2021,2021
Brendan Lemieux,24,NYR,LW,5,0,1,1,0,4,0.0,0,0,0,0,1,0,0,5,0.0,45,2,9,1,3,25.0,lemiebr01,2020-2021,2021
John Leonard,22,SJS,LW,7,0,2,2,-5,0,-0.1,0,0,0,0,2,0,0,9,0.0,91,3,1,0,0,,leonajo01,2020-2021,2021
Kris Letang,33,PIT,D,7,0,3,3,-1,6,0.4,0,0,0,0,2,1,0,19,0.0,193,9,17,0,0,,letankr01,2020-2021,2021
Vinni Lettieri,25,ANA,C,1,0,0,0,1,0,0.0,0,0,0,0,0,0,0,2,0.0,14,0,4,0,0,,lettivi01,2020-2021,2021
Trevor Lewis,34,WPG,C,7,0,1,1,0,0,-0.1,0,0,0,0,1,0,0,4,0.0,63,5,13,0,2,0.0,lewistr01,2020-2021,2021
Oskar Lindblom,24,PHI,LW,7,2,2,4,1,0,0.4,2,0,0,0,2,0,0,11,18.2,108,6,8,0,0,,lindbos01,2020-2021,2021
Esa Lindell,26,DAL,D,3,1,0,1,1,0,0.6,0,0,1,0,0,0,0,5,20.0,70,6,4,0,0,,lindees01,2020-2021,2021
Ryan Lindgren,22,NYR,D,6,0,0,0,1,2,0.2,0,0,0,0,0,0,0,3,0.0,112,3,6,0,0,,lindgry01,2020-2021,2021
Elias Lindholm,26,CGY,C,5,2,3,5,1,4,0.6,1,1,0,1,0,3,0,14,14.3,106,1,4,31,49,38.8,lindhel01,2020-2021,2021
Hampus Lindholm,27,ANA,D,7,2,0,2,1,8,0.8,2,0,0,0,0,0,0,12,16.7,169,12,5,0,0,,lindhha01,2020-2021,2021
Blake Lizotte,23,LAK,C,7,2,0,2,-2,4,0.2,2,0,0,0,0,0,0,8,25.0,96,3,3,36,30,54.5,lizotbl01,2020-2021,2021
Ryan Lomberg,26,FLA,LW,1,0,0,0,0,0,0.0,0,0,0,0,0,0,0,1,0.0,11,0,5,0,0,,lombery01,2020-2021,2021
Adam Lowry,27,WPG,LW,7,4,3,7,0,0,0.8,4,0,0,1,1,2,0,15,26.7,116,1,18,50,56,47.2,lowryad01,2020-2021,2021
Milan Lucic,32,CGY,LW,5,1,1,2,-2,6,0.2,1,0,0,0,1,0,0,5,20.0,55,3,10,1,1,50.0,lucicmi01,2020-2021,2021
Matt Luff,23,LAK,RW,2,0,0,0,-1,0,-0.1,0,0,0,0,0,0,0,1,0.0,20,1,1,1,1,50.0,luffma01,2020-2021,2021
Isac Lundestrom,21,ANA,C,2,0,0,0,-1,0,-0.1,0,0,0,0,0,0,0,0,,25,1,0,2,1,66.7,lundeis01,2020-2021,2021
Eetu Luostarinen,22,FLA,C,3,1,1,2,-1,0,0.2,1,0,0,1,1,0,0,3,33.3,38,3,1,15,19,44.1,luostee01,2020-2021,2021
Olli Maatta,26,LAK,D,4,0,0,0,-1,2,0.0,0,0,0,0,0,0,0,7,0.0,73,2,1,0,0,,maattol01,2020-2021,2021
Kurtis MacDermid,26,LAK,D,5,1,1,2,-1,2,0.3,1,0,0,0,1,0,0,6,16.7,65,8,6,0,0,,macdeku01,2020-2021,2021
Zack MacEwen,24,VAN,C,5,0,0,0,1,7,0.0,0,0,0,0,0,0,0,5,0.0,38,1,10,2,0,100.0,macewza01,2020-2021,2021
Nathan MacKinnon,25,COL,C,7,2,7,9,4,0,1.1,0,2,0,0,4,3,0,30,6.7,143,3,5,35,38,47.9,mackina01,2020-2021,2021
Cale Makar,22,COL,D,7,0,8,8,4,2,1.4,0,0,0,0,3,5,0,13,0.0,160,6,9,0,0,,makarca01,2020-2021,2021
Evgeni Malkin,34,PIT,C,7,1,2,3,-3,0,0.1,0,1,0,0,2,0,0,13,7.7,131,3,4,34,40,45.9,malkiev01,2020-2021,2021
Andrew Mangiapane,24,CGY,LW,5,0,1,1,-2,2,-0.1,0,0,0,0,0,1,0,8,0.0,82,3,4,0,4,0.0,mangian01,2020-2021,2021
Josh Manson,29,ANA,D,3,0,0,0,-2,2,-0.1,0,0,0,0,0,0,0,1,0.0,47,1,3,0,0,,mansojo01,2020-2021,2021
Anthony Mantha,26,DET,RW,7,1,2,3,-6,0,0.0,0,1,0,0,2,0,0,14,7.1,126,0,7,5,4,55.6,manthan01,2020-2021,2021
Brad Marchand,32,BOS,LW,6,4,5,9,1,2,1.2,1,2,1,0,1,3,1,16,25.0,117,1,3,3,1,75.0,marchbr03,2020-2021,2021
Jonathan Marchessault,30,VEG,C,7,1,4,5,2,8,0.5,1,0,0,0,4,0,0,15,6.7,114,2,9,2,4,33.3,audymjo01,2020-2021,2021
John Marino,23,PIT,D,7,0,0,0,-6,0,-0.3,0,0,0,0,0,0,0,4,0.0,158,8,14,0,0,,marinjo01,2020-2021,2021
Patrick Marleau,41,SJS,C,7,0,1,1,-3,0,-0.1,0,0,0,0,1,0,0,4,0.0,82,1,6,14,17,45.2,marlepa01,2020-2021,2021
Mitch Marner,23,TOR,RW,8,5,7,12,1,8,1.5,5,0,0,2,2,5,0,16,31.3,188,2,2,1,0,100.0,marnemi01,2020-2021,2021
Pat Maroon,32,TBL,LW,4,0,0,0,-1,0,-0.1,0,0,0,0,0,0,0,4,0.0,44,1,6,0,1,0.0,maroopa01,2020-2021,2021
Matt Martin,31,NYI,LW,6,0,0,0,0,4,-0.1,0,0,0,0,0,0,0,6,0.0,60,3,18,0,4,0.0,martima02,2020-2021,2021
Alec Martinez,33,VEG,D,7,0,5,5,6,4,1.1,0,0,0,0,5,0,0,8,0.0,160,25,9,0,0,,martial01,2020-2021,2021
Jordan Martinook,28,CAR,LW,3,0,1,1,-2,0,0.0,0,0,0,0,1,0,0,1,0.0,38,0,1,16,14,53.3,martijo01,2020-2021,2021
Mike Matheson,26,PIT,D,2,0,0,0,-1,4,0.0,0,0,0,0,0,0,0,2,0.0,32,2,0,0,0,,mathemi01,2020-2021,2021
Auston Matthews,23,TOR,C,7,4,4,8,1,0,1.0,2,2,0,2,4,0,0,31,12.9,157,6,11,73,57,56.2,matthau01,2020-2021,2021
Scott Mayfield,28,NYI,D,6,0,0,0,-2,2,0.2,0,0,0,0,0,0,0,8,0.0,113,8,6,0,0,,mayfisc01,2020-2021,2021
Charlie McAvoy,23,BOS,D,6,0,4,4,0,8,0.8,0,0,0,0,1,2,1,8,0.0,152,10,8,0,0,,mcavoch01,2020-2021,2021
Jake McCabe,27,BUF,D,7,1,1,2,2,7,0.7,1,0,0,0,1,0,0,7,14.3,135,6,11,0,0,,mccabja01,2020-2021,2021
Jared McCann,24,PIT,C,7,2,3,5,1,2,0.6,1,1,0,0,3,0,0,13,15.4,91,2,6,4,8,33.3,mccanja01,2020-2021,2021
Connor McDavid,24,EDM,C,8,5,7,12,1,6,1.5,4,1,0,1,5,2,0,35,14.3,177,4,11,46,53,46.5,mcdavco01,2020-2021,2021
Ryan McDonagh,31,TBL,D,4,0,2,2,4,0,0.5,0,0,0,0,2,0,0,8,0.0,99,5,4,0,0,,mcdonry01,2020-2021,2021
Brock McGinn,26,CAR,LW,3,0,0,0,0,0,0.0,0,0,0,0,0,0,0,3,0.0,39,0,3,0,0,,mcginbr01,2020-2021,2021
Michael McLeod,22,NJD,C,6,1,0,1,1,2,0.1,1,0,0,0,0,0,0,6,16.7,72,0,13,24,26,48.0,mcleomi01,2020-2021,2021
Connor McMichael,20,WSH,C,1,0,0,0,0,2,0.0,0,0,0,0,0,0,0,1,0.0,10,0,0,1,0,100.0,mcmicco01,2020-2021,2021
Brayden McNabb,30,VEG,D,7,0,0,0,-1,4,0.0,0,0,0,0,0,0,0,5,0.0,136,14,18,0,0,,mcnabbr01,2020-2021,2021
Timo Meier,24,SJS,RW,7,1,4,5,-4,0,0.3,1,0,0,0,1,3,0,23,4.3,105,1,9,2,1,66.7,meierti01,2020-2021,2021
Nicolas Meloche,23,SJS,D,1,0,0,0,1,0,0.1,0,0,0,0,0,0,0,0,,6,0,0,0,0,,melocni01,2020-2021,2021
Nicholas Merkley,23,NJD,RW,2,0,1,1,1,0,0.1,0,0,0,0,1,0,0,3,0.0,23,0,3,1,0,100.0,merklni01,2020-2021,2021
Jonathon Merrill,28,DET,D,4,0,1,1,1,2,0.3,0,0,0,0,1,0,0,3,0.0,77,7,5,0,0,,merrijo01,2020-2021,2021
Jacob Middleton,25,SJS,D,1,0,0,0,-2,2,-0.1,0,0,0,0,0,0,0,1,0.0,9,1,2,0,0,,middlja01,2020-2021,2021
Ilya Mikheyev,26,TOR,F,8,0,1,1,-1,2,-0.1,0,0,0,0,1,0,0,15,0.0,120,3,2,1,0,100.0,mikheil01,2020-2021,2021
Niko Mikkola,24,STL,D,3,0,0,0,-1,0,-0.1,0,0,0,0,0,0,0,2,0.0,35,4,1,0,0,,mikkoni01,2020-2021,2021
Sonny Milano,24,ANA,LW,2,0,0,0,0,0,0.0,0,0,0,0,0,0,0,6,0.0,29,0,3,0,0,,milanso01,2020-2021,2021
Colin Miller,28,BUF,D,7,1,1,2,-5,4,0.2,0,1,0,0,0,1,0,7,14.3,119,4,13,0,0,,milleco02,2020-2021,2021
J.T. Miller,27,VAN,C,5,0,5,5,-5,4,0.2,0,0,0,0,2,3,0,6,0.0,92,1,16,21,25,45.7,millejt01,2020-2021,2021
K'Andre Miller,21,NYR,D,6,1,1,2,6,2,0.9,1,0,0,0,1,0,0,9,11.1,104,2,8,0,0,,milleka01,2020-2021,2021
Kevan Miller,33,BOS,D,6,0,1,1,0,7,0.4,0,0,0,0,1,0,0,8,0.0,109,6,14,0,0,,milleke03,2020-2021,2021
Ian Mitchell,22,CHI,D,7,0,1,1,-7,2,-0.3,0,0,0,0,1,0,0,5,0.0,100,6,3,0,0,,mitchia01,2020-2021,2021
Casey Mittelstadt,22,BUF,C,1,0,1,1,0,0,0.1,0,0,0,0,0,1,0,0,,10,0,0,1,0,100.0,mitteca01,2020-2021,2021
Sean Monahan,26,CGY,C,5,2,5,7,2,2,0.9,1,1,0,1,3,2,0,16,12.5,98,1,2,47,40,54.0,monahse01,2020-2021,2021
Brandon Montour,26,BUF,D,7,0,1,1,-4,4,0.1,0,0,0,0,1,0,0,15,0.0,149,9,7,0,0,,montobr01,2020-2021,2021
Trevor Moore,25,LAK,LW,7,0,3,3,0,4,0.2,0,0,0,0,3,0,0,9,0.0,87,1,2,1,1,50.0,mooretr01,2020-2021,2021
Josh Morrissey,25,WPG,D,7,0,3,3,3,2,0.5,0,0,0,0,2,1,0,11,0.0,174,8,7,0,0,,morrijo04,2020-2021,2021
Tyler Motte,25,VAN,C,8,3,0,3,1,8,0.4,3,0,0,1,0,0,0,15,20.0,133,8,33,5,6,45.5,mottety01,2020-2021,2021
Connor Murphy,27,CHI,D,7,2,3,5,3,0,1.2,2,0,0,1,2,0,1,13,15.4,163,14,14,0,0,,murphco02,2020-2021,2021
Ryan Murray,27,NJD,D,6,0,0,0,1,0,0.1,0,0,0,0,0,0,0,5,0.0,132,8,2,0,0,,murrary01,2020-2021,2021
Jake Muzzin,31,TOR,D,8,1,2,3,3,6,0.9,1,0,0,0,1,1,0,18,5.6,173,13,16,0,0,,muzzija01,2020-2021,2021
Philippe Myers,24,PHI,D,4,0,0,0,0,4,0.0,0,0,0,0,0,0,0,5,0.0,66,2,10,0,0,,myersph01,2020-2021,2021
Tyler Myers,30,VAN,D,8,1,3,4,-4,23,0.2,0,0,1,0,3,0,0,13,7.7,170,18,8,0,0,,myersty01,2020-2021,2021
Vladislav Namestnikov,28,DET,C,7,1,0,1,-5,0,-0.1,1,0,0,0,0,0,0,12,8.3,108,4,12,5,4,55.6,namesvl01,2020-2021,2021
Riley Nash,31,CBJ,C,7,0,1,1,1,0,0.0,0,0,0,0,1,0,0,9,0.0,95,2,4,37,43,46.3,nashri02,2020-2021,2021
James Neal,33,EDM,LW,3,0,1,1,-1,0,0.0,0,0,0,0,1,0,0,7,0.0,37,0,5,1,1,50.0,nealja01,2020-2021,2021
Martin Necas,22,CAR,C,3,0,1,1,1,0,0.1,0,0,0,0,0,1,0,6,0.0,46,4,4,2,3,40.0,necasma01,2020-2021,2021
Brock Nelson,29,NYI,C,6,2,0,2,-1,2,0.3,0,2,0,1,0,0,0,14,14.3,110,1,4,38,34,52.8,nelsobr01,2020-2021,2021
Patrik Nemeth,28,DET,D,7,0,1,1,-4,2,0.1,0,0,0,0,1,0,0,12,0.0,145,11,9,0,0,,nemetpa01,2020-2021,2021
Nikita Nesterov,27,CGY,D,5,0,0,0,-3,2,-0.1,0,0,0,0,0,0,0,2,0.0,77,1,4,0,0,,nesteni01,2020-2021,2021
Valeri Nichushkin,25,COL,RW,7,1,1,2,-2,0,0.1,0,0,1,1,1,0,0,5,20.0,88,4,15,0,0,,nichuva01,2020-2021,2021
Nino Niederreiter,28,CAR,RW,3,2,0,2,2,2,0.5,2,0,0,1,0,0,0,9,22.2,46,1,2,0,0,,niedeni01,2020-2021,2021
Frans Nielsen,36,DET,C,6,0,2,2,1,0,0.2,0,0,0,0,2,0,0,7,0.0,69,3,3,3,2,60.0,nielsfr01,2020-2021,2021
Matthew Nieto,28,SJS,LW,7,2,1,3,-1,2,0.3,2,0,0,0,1,0,0,9,22.2,92,1,4,0,1,0.0,nietoma01,2020-2021,2021
Sami Niku,24,WPG,D,3,0,0,0,-2,6,-0.2,0,0,0,0,0,0,0,1,0.0,37,4,0,0,0,,nikusa01,2020-2021,2021
Stefan Noesen,27,SJS,RW,3,0,0,0,0,2,0.0,0,0,0,0,0,0,0,2,0.0,29,0,4,1,3,25.0,noesest01,2020-2021,2021
Joakim Nordstrom,28,CGY,C,3,0,0,0,-3,0,-0.2,0,0,0,0,0,0,0,1,0.0,31,1,4,0,0,,nordsjo02,2020-2021,2021
Joshua Norris,21,OTT,C,6,1,3,4,-2,0,0.2,0,1,0,0,2,1,0,11,9.1,98,2,11,24,32,42.9,norrijo01,2020-2021,2021
Tomas Nosek,28,VEG,C,7,1,0,1,0,2,0.0,1,0,0,0,0,0,0,11,9.1,87,3,9,33,34,49.3,nosekto01,2020-2021,2021
Ryan Nugent-Hopkins,27,EDM,C,8,4,3,7,0,0,0.8,2,2,0,0,2,1,0,30,13.3,176,3,3,0,4,0.0,nugenry01,2020-2021,2021
Darnell Nurse,25,EDM,D,8,1,5,6,4,10,1.2,1,0,0,0,3,2,0,19,5.3,194,5,19,0,0,,nurseda01,2020-2021,2021
Joakim Nygard,28,EDM,F,3,0,0,0,1,2,0.0,0,0,0,0,0,0,0,2,0.0,28,0,1,0,0,,nygarjo01,2020-2021,2021
William Nylander,24,TOR,C,8,2,5,7,-3,2,0.6,1,1,0,0,2,3,0,13,15.4,133,4,4,3,3,50.0,nylanwi01,2020-2021,2021
Drew O'Connor,22,PIT,F,1,0,1,1,1,0,0.1,0,0,0,0,1,0,0,0,,11,0,0,1,0,100.0,oconndr01,2020-2021,2021
Ryan O'Reilly,29,STL,C,7,1,4,5,-1,6,0.2,1,0,0,0,3,1,0,17,5.9,144,4,4,86,68,55.8,oreilry01,2020-2021,2021
Jordan Oesterle,28,ARI,D,7,1,0,1,-1,2,0.3,0,1,0,0,0,0,0,7,14.3,132,15,13,0,0,,oestejo01,2020-2021,2021
Kyle Okposo,32,BUF,RW,2,0,0,0,0,0,0.0,0,0,0,0,0,0,0,1,0.0,28,0,1,0,3,0.0,okposky01,2020-2021,2021
Jamie Oleksiak,28,DAL,D,3,0,0,0,-1,0,0.2,0,0,0,0,0,0,0,4,0.0,57,3,3,0,0,,oleksja01,2020-2021,2021
Mathieu Olivier,23,NSH,F,4,0,1,1,2,2,0.1,0,0,0,0,1,0,0,3,0.0,43,4,11,1,0,100.0,olivima01,2020-2021,2021
Victor Olofsson,25,BUF,RW,7,3,3,6,-4,0,0.6,1,2,0,0,1,2,0,20,15.0,123,3,0,0,0,,olofsvi01,2020-2021,2021
Dmitry Orlov,29,WSH,D,4,0,0,0,-4,2,-0.3,0,0,0,0,0,0,0,2,0.0,83,6,6,0,0,,orlovdm01,2020-2021,2021
T.J. Oshie,34,WSH,C,7,2,4,6,0,8,0.5,0,2,0,0,4,0,0,13,15.4,132,4,19,12,14,46.2,oshietj01,2020-2021,2021
Alex Ovechkin,35,WSH,LW,4,1,4,5,1,0,0.5,1,0,0,0,2,2,0,13,7.7,77,4,13,0,0,,ovechal01,2020-2021,2021
Max Pacioretty,32,VEG,LW,7,6,1,7,6,4,1.3,5,1,0,1,1,0,0,32,18.8,123,2,10,1,3,25.0,pacioma01,2020-2021,2021
Jean-Gabriel Pageau,28,NYI,C,6,1,1,2,-2,2,0.1,1,0,0,1,0,1,0,6,16.7,103,10,11,64,40,61.5,pageaje01,2020-2021,2021
Ondrej Palat,29,TBL,LW,4,3,1,4,1,2,0.6,1,2,0,0,1,0,0,7,42.9,68,3,5,0,0,,palaton01,2020-2021,2021
Kyle Palmieri,29,NJD,RW,6,0,3,3,2,4,0.1,0,0,0,0,1,2,0,13,0.0,113,5,12,1,3,25.0,palmiky01,2020-2021,2021
Artemi Panarin,29,NYR,LW,6,2,4,6,0,0,0.6,1,1,0,0,1,3,0,15,13.3,132,0,3,0,1,0.0,panarar01,2020-2021,2021
Richard Panik,29,WSH,RW,7,0,1,1,-1,0,-0.2,0,0,0,0,1,0,0,10,0.0,92,1,21,0,1,0.0,panikri01,2020-2021,2021
Cedric Paquette,27,OTT,C,5,0,0,0,-5,4,-0.3,0,0,0,0,0,0,0,2,0.0,50,8,14,3,4,42.9,paquece01,2020-2021,2021
Colton Parayko,27,STL,D,7,0,3,3,0,10,0.1,0,0,0,0,3,0,0,14,0.0,173,13,9,0,0,,parayco01,2020-2021,2021
Zach Parise,36,MIN,LW,7,2,1,3,-3,2,0.2,2,0,0,1,0,1,0,26,7.7,129,4,2,23,31,42.6,parisza01,2020-2021,2021
Greg Pateryn,30,MIN,D,3,0,2,2,1,0,0.4,0,0,0,0,2,0,0,1,0.0,38,1,3,0,0,,patergr01,2020-2021,2021
Greg Pateryn,30,COL,D,3,0,0,0,-2,2,-0.1,0,0,0,0,0,0,0,3,0.0,46,7,3,0,0,,patergr01,2020-2021,2021
Nolan Patrick,22,PHI,C,7,2,3,5,0,2,0.5,1,1,0,0,3,0,0,8,25.0,106,4,4,51,46,52.6,patrino01,2020-2021,2021
Nick Paul,25,OTT,LW,6,2,2,4,4,0,0.6,2,0,0,0,2,0,0,10,20.0,94,3,8,14,13,51.9,paulni01,2020-2021,2021
Joe Pavelski,36,DAL,C,3,3,5,8,2,2,1.2,0,3,0,2,1,4,0,8,37.5,60,1,5,30,31,49.2,paveljo01,2020-2021,2021
Tanner Pearson,28,VAN,LW,8,1,3,4,0,14,0.3,1,0,0,0,3,0,0,14,7.1,122,2,9,1,0,100.0,pearsta01,2020-2021,2021
Adam Pelech,26,NYI,D,6,0,1,1,-1,2,0.4,0,0,0,0,1,0,0,14,0.0,120,16,2,0,0,,pelecad01,2020-2021,2021
Mathieu Perreault,33,WPG,C,7,1,1,2,2,2,0.2,1,0,0,0,1,0,0,9,11.1,84,3,6,2,3,40.0,perrema01,2020-2021,2021
David Perron,32,STL,LW,7,3,3,6,-2,6,0.5,2,1,0,1,2,1,0,19,15.8,122,3,10,0,2,0.0,perroda01,2020-2021,2021
Corey Perry,35,MTL,RW,1,1,0,1,1,2,0.2,1,0,0,0,0,0,0,4,25.0,15,1,0,0,0,,perryco01,2020-2021,2021
Brett Pesce,26,CAR,D,3,0,0,0,-2,0,0.0,0,0,0,0,0,0,0,4,0.0,61,1,0,0,0,,pescebr01,2020-2021,2021
Jeff Petry,33,MTL,D,6,2,5,7,9,0,1.5,1,1,0,0,2,2,1,15,13.3,133,8,7,0,0,,petryje01,2020-2021,2021
Elias Pettersson,22,VAN,C,8,1,1,2,-2,4,-0.1,1,0,0,0,1,0,0,18,5.6,146,1,4,13,18,41.9,petteel01,2020-2021,2021
Marcus Pettersson,24,PIT,D,4,1,0,1,-2,0,0.1,1,0,0,0,0,0,0,3,33.3,69,5,10,0,0,,pettema01,2020-2021,2021
Alex Pietrangelo,31,VEG,D,7,1,3,4,2,0,0.8,1,0,0,0,2,1,0,20,5.0,179,18,7,0,0,,pietral01,2020-2021,2021
Brian Pinho,25,WSH,C,2,0,0,0,-2,0,-0.1,0,0,0,0,0,0,0,3,0.0,16,1,1,8,6,57.1,pinhobr01,2020-2021,2021
Neal Pionk,25,WPG,D,7,0,5,5,-1,0,0.4,0,0,0,0,4,1,0,11,0.0,159,6,18,0,0,,pionkne01,2020-2021,2021
Brandon Pirri,29,CHI,C,1,0,0,0,-2,0,-0.1,0,0,0,0,0,0,0,2,0.0,11,0,0,0,1,0.0,pirribr01,2020-2021,2021
Tyler Pitlick,29,ARI,C,7,1,1,2,2,6,0.2,0,0,1,0,1,0,0,8,12.5,109,8,11,2,1,66.7,pitlity01,2020-2021,2021
Brayden Point,24,TBL,C,4,2,3,5,2,2,0.6,2,0,0,1,1,2,0,16,12.5,71,2,1,17,20,45.9,pointbr01,2020-2021,2021
Tucker Poolman,27,WPG,D,1,0,0,0,-1,0,-0.1,0,0,0,0,0,0,0,0,,19,2,0,0,0,,poolmtu01,2020-2021,2021
Ivan Provorov,24,PHI,D,7,2,3,5,4,2,1.0,2,0,0,1,0,3,0,10,20.0,179,15,14,0,0,,provoiv01,2020-2021,2021
Jesse Puljujarvi,22,EDM,RW,8,0,2,2,-4,4,-0.1,0,0,0,0,1,1,0,25,0.0,105,2,12,0,1,0.0,puljuje01,2020-2021,2021
Ryan Pulock,26,NYI,D,6,0,1,1,0,0,0.5,0,0,0,0,1,0,0,11,0.0,134,15,7,0,0,,pulocry01,2020-2021,2021
Mark Pysyk,29,DAL,D,3,0,0,0,-1,4,0.1,0,0,0,0,0,0,0,2,0.0,32,0,4,0,0,,pysykma01,2020-2021,2021
Alexander Radulov,34,DAL,RW,3,2,1,3,1,0,0.5,1,1,0,0,0,1,0,5,40.0,51,2,2,0,1,0.0,radulal01,2020-2021,2021
Brogan Rafferty,25,VAN,D,1,0,1,1,-1,0,0.0,0,0,0,0,1,0,0,1,0.0,14,1,1,0,0,,raffebr01,2020-2021,2021
Michael Raffl,32,PHI,LW,7,1,1,2,-2,2,0.0,1,0,0,1,1,0,0,7,14.3,93,6,11,4,7,36.4,rafflmi01,2020-2021,2021
Rickard Rakell,27,ANA,RW,7,1,1,2,-3,0,0.1,1,0,0,1,1,0,0,22,4.5,118,3,9,0,3,0.0,rakelri01,2020-2021,2021
Mikko Rantanen,24,COL,RW,7,6,2,8,3,0,1.4,3,3,0,1,1,1,0,28,21.4,137,3,3,5,2,71.4,rantami01,2020-2021,2021
Victor Rask,27,MIN,C,7,1,0,1,-1,0,0.1,1,0,0,0,0,0,0,3,33.3,70,2,3,9,25,26.5,raskvi01,2020-2021,2021
Michael Rasmussen,21,DET,C,5,0,1,1,-3,2,-0.1,0,0,0,0,1,0,0,6,0.0,55,1,9,9,9,50.0,rasmumi01,2020-2021,2021
Ryan Reaves,34,VEG,RW,7,0,1,1,0,0,0.0,0,0,0,0,1,0,0,2,0.0,68,6,31,1,6,14.3,reavery01,2020-2021,2021
Mike Reilly,27,OTT,D,5,0,3,3,-4,2,0.1,0,0,0,0,2,1,0,9,0.0,85,5,5,0,0,,reillmi01,2020-2021,2021
Sam Reinhart,25,BUF,C,7,2,2,4,-6,0,0.2,1,1,0,1,1,1,0,17,11.8,146,2,2,3,3,50.0,reinhsa01,2020-2021,2021
Brad Richardson,35,NSH,C,6,1,1,2,2,2,0.2,1,0,0,1,1,0,0,4,25.0,73,4,7,41,30,57.7,richabr02,2020-2021,2021
Tobias Rieder,28,BUF,C,7,2,0,2,1,0,0.3,2,0,0,0,0,0,0,15,13.3,92,5,9,0,0,,riedeto01,2020-2021,2021
Morgan Rielly,26,TOR,D,8,1,5,6,-3,4,0.7,1,0,0,1,3,2,0,18,5.6,190,2,8,0,0,,riellmo01,2020-2021,2021
Juuso Riikola,27,PIT,D,2,0,0,0,0,0,0.0,0,0,0,0,0,0,0,1,0.0,23,1,5,0,0,,riikoju01,2020-2021,2021
Rasmus Ristolainen,26,BUF,D,7,1,3,4,4,6,1.2,1,0,0,0,0,3,0,12,8.3,157,8,26,0,0,,ristora01,2020-2021,2021
Nick Ritchie,25,BOS,LW,6,3,3,6,-2,4,0.7,0,3,0,0,1,2,0,15,20.0,90,2,9,0,1,0.0,ritchni01,2020-2021,2021
Jason Robertson,21,DAL,LW,2,0,0,0,0,0,0.0,0,0,0,0,0,0,0,0,,19,1,0,0,0,,roberja01,2020-2021,2021
Nicholas Robertson,19,TOR,LW,1,0,0,0,0,0,0.0,0,0,0,0,0,0,0,1,0.0,2,0,0,0,0,,roberni01,2020-2021,2021
Eric Robinson,25,CBJ,LW,7,1,1,2,1,0,0.2,1,0,0,0,1,0,0,12,8.3,76,1,11,0,0,,robiner01,2020-2021,2021
Evan Rodrigues,27,PIT,C,6,1,0,1,-4,0,-0.1,1,0,0,0,0,0,0,12,8.3,95,2,3,6,4,60.0,rodriev01,2020-2021,2021
Alexander Romanov,21,MTL,D,6,1,1,2,5,2,0.5,1,0,0,0,0,1,0,18,5.6,114,7,15,0,0,,romanal01,2020-2021,2021
Kevin Rooney,27,NYR,C,4,0,0,0,1,2,0.0,0,0,0,0,0,0,0,5,0.0,30,1,6,5,9,35.7,rooneke01,2020-2021,2021
Antoine Roussel,31,VAN,LW,8,0,2,2,1,23,0.1,0,0,0,0,1,0,1,3,0.0,92,5,17,0,1,0.0,roussan01,2020-2021,2021
Carter Rowney,31,ANA,RW,7,0,4,4,2,0,0.4,0,0,0,0,4,0,0,3,0.0,107,13,23,4,4,50.0,rowneca01,2020-2021,2021
Matt Roy,25,LAK,D,7,0,3,3,4,2,0.8,0,0,0,0,3,0,0,13,0.0,141,3,14,0,0,,royma04,2020-2021,2021
Nicolas Roy,23,VEG,C,7,0,1,1,2,4,0.0,0,0,0,0,1,0,0,6,0.0,92,6,6,27,21,56.3,royni01,2020-2021,2021
Chad Ruhwedel,30,PIT,D,6,0,0,0,3,8,0.3,0,0,0,0,0,0,0,5,0.0,85,6,11,0,0,,ruhwech01,2020-2021,2021
Kris Russell,33,EDM,D,5,0,0,0,-3,0,-0.2,0,0,0,0,0,0,0,6,0.0,89,7,6,0,0,,russekr01,2020-2021,2021
Patrick Russell,28,EDM,RW,1,0,1,1,0,0,0.1,0,0,0,0,1,0,0,1,0.0,9,0,1,0,0,,russepa01,2020-2021,2021
Bryan Rust,28,PIT,RW,7,2,3,5,0,0,0.5,2,0,0,0,1,2,0,26,7.7,136,4,5,1,1,50.0,rustbr01,2020-2021,2021
Jan Rutta,30,TBL,D,4,0,0,0,-3,8,-0.2,0,0,0,0,0,0,0,7,0.0,62,3,7,0,0,,ruttaja02,2020-2021,2021
Bobby Ryan,33,DET,LW,6,4,1,5,3,17,0.9,4,0,0,0,0,1,0,17,23.5,94,5,7,1,3,25.0,ryanbo01,2020-2021,2021
Derek Ryan,34,CGY,C,5,0,0,0,0,4,-0.1,0,0,0,0,0,0,0,2,0.0,56,2,1,15,11,57.7,ryande01,2020-2021,2021
Brandon Saad,28,COL,LW,7,3,0,3,-7,6,0.2,3,0,0,0,0,0,0,8,37.5,100,0,3,4,7,36.4,saadbr01,2020-2021,2021
Zach Sanford,26,STL,LW,7,0,1,1,-2,2,-0.3,0,0,0,0,1,0,0,9,0.0,109,9,6,1,1,50.0,sanfoza01,2020-2021,2021
Travis Sanheim,24,PHI,D,7,1,1,2,0,0,0.3,1,0,0,0,1,0,0,9,11.1,154,5,8,0,0,,sanhetr01,2020-2021,2021
David Savard,30,CBJ,D,7,0,2,2,0,4,0.3,0,0,0,0,1,0,1,8,0.0,141,12,14,0,0,,savarda01,2020-2021,2021
Luca Sbisa,31,NSH,D,1,0,0,0,0,0,0.0,0,0,0,0,0,0,0,0,,12,2,3,0,0,,sbisalu01,2020-2021,2021
Marco Scandella,30,STL,D,6,0,0,0,5,8,0.3,0,0,0,0,0,0,0,6,0.0,120,4,7,0,0,,scandma01,2020-2021,2021
Colton Sceviour,31,PIT,C,7,2,0,2,-2,0,0.2,2,0,0,0,0,0,0,7,28.6,63,4,10,5,2,71.4,scevico01,2020-2021,2021
Mark Scheifele,27,WPG,C,7,3,7,10,-1,0,0.8,3,0,0,1,4,3,0,21,14.3,164,4,1,51,44,53.7,scheima01,2020-2021,2021
Brayden Schenn,29,STL,C,7,4,2,6,2,2,0.8,4,0,0,0,2,0,0,14,28.6,129,3,11,32,30,51.6,schenbr01,2020-2021,2021
Luke Schenn,31,TBL,D,2,0,0,0,0,5,0.0,0,0,0,0,0,0,0,3,0.0,16,2,3,0,0,,schenlu01,2020-2021,2021
Nick Schmaltz,24,ARI,C,7,3,2,5,0,0,0.7,2,1,0,1,2,0,0,20,15.0,114,2,1,36,31,53.7,schmani01,2020-2021,2021
Nate Schmidt,29,VAN,D,8,1,1,2,2,0,0.5,1,0,0,0,1,0,0,12,8.3,178,14,5,0,0,,schmina01,2020-2021,2021
Justin Schultz,30,WSH,D,7,2,2,4,7,0,1.1,2,0,0,1,0,2,0,13,15.4,135,6,3,0,0,,schulju01,2020-2021,2021
Jaden Schwartz,28,STL,C,7,2,4,6,6,2,0.7,2,0,0,0,3,1,0,14,14.3,128,2,8,1,1,50.0,schwaja01,2020-2021,2021
Andrej Sekera,34,DAL,D,3,0,0,0,1,2,0.3,0,0,0,0,0,0,0,2,0.0,53,5,3,0,0,,sekeran01,2020-2021,2021
Mikhail Sergachev,22,TBL,D,4,0,1,1,3,4,0.4,0,0,0,0,1,0,0,4,0.0,91,3,8,0,0,,sergami01,2020-2021,2021
Damon Severson,26,NJD,D,6,0,1,1,0,6,0.1,0,0,0,0,1,0,0,12,0.0,142,10,9,0,0,,severda01,2020-2021,2021
Michael Sgarbossa,28,WSH,C,1,0,0,0,1,0,0.0,0,0,0,0,0,0,0,2,0.0,14,0,0,1,5,16.7,sgarbmi01,2020-2021,2021
Yegor Sharangovich,22,NJD,C,6,1,1,2,1,0,0.1,1,0,0,1,1,0,0,6,16.7,98,4,2,7,17,29.2,sharaye01,2020-2021,2021
Kevin Shattenkirk,32,ANA,D,7,0,1,1,-1,8,0.3,0,0,0,0,1,0,0,8,0.0,164,8,6,0,0,,shattke01,2020-2021,2021
Andrew Shaw,29,CHI,C,7,1,2,3,-4,4,0.1,0,1,0,0,0,2,0,13,7.7,104,1,12,15,11,57.7,shawan01,2020-2021,2021
Riley Sheahan,29,BUF,C,7,1,1,2,1,0,0.2,1,0,0,0,1,0,0,3,33.3,79,1,3,23,6,79.3,sheahri01,2020-2021,2021
Conor Sheary,28,WSH,LW,5,0,1,1,-2,4,-0.1,0,0,0,0,1,0,0,2,0.0,54,1,3,1,1,50.0,shearco01,2020-2021,2021
Kiefer Sherwood,25,COL,RW,1,0,1,1,0,0,0.1,0,0,0,0,1,0,0,1,0.0,10,0,1,0,0,,sherwki01,2020-2021,2021
Devin Shore,26,EDM,C,6,1,0,1,-1,2,0.1,0,0,1,0,0,0,0,4,25.0,56,2,10,21,19,52.5,shorede01,2020-2021,2021
Jonas Siegenthaler,23,WSH,D,3,0,0,0,-1,2,-0.1,0,0,0,0,0,0,0,3,0.0,53,5,5,0,0,,siegejo01,2020-2021,2021
Jakob Silfverberg,30,ANA,LW,7,1,1,2,-4,4,0.0,1,0,0,0,1,0,0,13,7.7,116,3,7,2,3,40.0,silfvja01,2020-2021,2021
Radim Simek,28,SJS,D,5,0,1,1,-1,0,0.1,0,0,0,0,1,0,0,2,0.0,62,6,8,0,0,,simekra01,2020-2021,2021
Wayne Simmonds,32,TOR,RW,8,2,0,2,-5,17,0.1,1,1,0,0,0,0,0,11,18.2,80,2,10,2,2,50.0,simmowa01,2020-2021,2021
Dominik Simon,26,CGY,C,4,0,0,0,1,0,0.0,0,0,0,0,0,0,0,1,0.0,40,1,3,1,3,25.0,simondo01,2020-2021,2021
Colton Sissons,27,NSH,C,6,1,0,1,1,0,0.1,1,0,0,0,0,0,0,5,20.0,84,5,9,23,22,51.1,sissoco01,2020-2021,2021
Jeff Skinner,28,BUF,LW,7,0,1,1,1,2,0.0,0,0,0,0,1,0,0,18,0.0,96,2,2,1,1,50.0,skinnje01,2020-2021,2021
Brady Skjei,26,CAR,D,3,0,0,0,-2,6,0.0,0,0,0,0,0,0,0,4,0.0,60,0,5,0,0,,skjeibr01,2020-2021,2021
Jaccob Slavin,26,CAR,D,3,0,1,1,3,0,0.5,0,0,0,0,1,0,0,5,0.0,68,6,1,0,0,,slavija01,2020-2021,2021
Brendan Smith,31,NYR,D,3,0,1,1,2,2,0.3,0,0,0,0,1,0,0,3,0.0,44,0,8,0,0,,smithbr05,2020-2021,2021
Cole Smith,25,NSH,F,1,0,0,0,0,0,0.0,0,0,0,0,0,0,0,1,0.0,6,0,0,0,0,,smithco02,2020-2021,2021
Craig Smith,31,BOS,C,5,2,2,4,3,4,0.6,2,0,0,2,2,0,0,16,12.5,77,0,2,1,0,100.0,smithcr01,2020-2021,2021
Givani Smith,22,DET,RW,2,0,1,1,0,0,0.1,0,0,0,0,1,0,0,2,0.0,18,2,5,0,0,,smithgi01,2020-2021,2021
Reilly Smith,29,VEG,RW,7,2,1,3,2,0,0.3,1,0,1,0,1,0,0,15,13.3,123,3,8,0,2,0.0,smithre01,2020-2021,2021
Ty Smith,20,NJD,D,6,1,5,6,3,4,1.0,1,0,0,0,4,1,0,10,10.0,99,3,6,0,0,,smithty01,2020-2021,2021
Carl Soderberg,35,CHI,C,2,0,0,0,1,2,0.0,0,0,0,0,0,0,0,1,0.0,26,3,3,8,9,47.1,soderca01,2020-2021,2021
Victor Soderstrom,19,ARI,D,2,0,0,0,1,0,0.1,0,0,0,0,0,0,0,1,0.0,27,0,2,0,0,,sodervi01,2020-2021,2021
Marcus Sorensen,28,SJS,RW,7,1,0,1,0,4,0.1,1,0,0,0,0,0,0,11,9.1,83,5,4,1,1,50.0,sorenma01,2020-2021,2021
Carson Soucy,26,MIN,D,7,0,1,1,4,6,0.6,0,0,0,0,1,0,0,4,0.0,102,3,7,0,0,,soucyca01,2020-2021,2021
Jason Spezza,37,TOR,C,7,0,3,3,-1,4,0.2,0,0,0,0,1,2,0,4,0.0,64,2,2,40,21,65.6,spezzja01,2020-2021,2021
Daniel Sprong,23,WSH,RW,5,1,1,2,-1,0,0.2,1,0,0,0,1,0,0,11,9.1,52,1,2,0,3,0.0,spronda01,2020-2021,2021
Jared Spurgeon,31,MIN,D,7,0,1,1,-3,0,0.2,0,0,0,0,1,0,0,11,0.0,169,12,9,0,0,,spurgja01,2020-2021,2021
Eric Staal,36,BUF,C,7,2,2,4,-2,0,0.4,1,1,0,0,1,1,0,15,13.3,105,3,2,44,38,53.7,staaler01,2020-2021,2021
Jordan Staal,32,CAR,C,1,0,0,0,0,0,0.0,0,0,0,0,0,0,0,2,0.0,15,0,3,7,7,50.0,staaljo01,2020-2021,2021
Marc Staal,34,DET,D,7,0,1,1,-1,2,0.3,0,0,0,0,1,0,0,6,0.0,127,4,10,0,0,,staalma01,2020-2021,2021
Steven Stamkos,30,TBL,C,4,2,4,6,2,0,0.7,1,1,0,0,3,1,0,14,14.3,76,1,1,22,12,64.7,stamkst01,2020-2021,2021
Logan Stanley,22,WPG,D,6,0,0,0,3,4,0.2,0,0,0,0,0,0,0,12,0.0,71,6,4,0,0,,stanllo01,2020-2021,2021
Paul Stastny,35,WPG,C,7,2,4,6,8,2,0.8,1,1,0,1,4,0,0,15,13.3,125,1,4,60,52,53.6,stastpa01,2020-2021,2021
Troy Stecher,26,DET,D,7,0,0,0,-2,2,0.1,0,0,0,0,0,0,0,8,0.0,132,9,5,0,0,,stechtr01,2020-2021,2021
Sam Steel,22,ANA,C,7,0,2,2,-1,2,0.1,0,0,0,0,2,0,0,6,0.0,101,3,7,37,33,52.9,steelsa01,2020-2021,2021
Kevin Stenlund,24,CBJ,C,2,1,1,2,2,0,0.3,1,0,0,0,1,0,0,3,33.3,26,0,0,4,6,40.0,stenlke01,2020-2021,2021
Derek Stepan,30,OTT,C,6,1,1,2,-5,4,-0.1,1,0,0,0,0,1,0,13,7.7,99,5,9,48,48,50.0,stepade01,2020-2021,2021
Mitchell Stephens,23,TBL,C,4,0,1,1,-2,0,-0.1,0,0,0,0,1,0,0,2,0.0,34,1,4,17,9,65.4,stephmi01,2020-2021,2021
Chandler Stephenson,26,VEG,C,7,1,2,3,4,0,0.3,1,0,0,1,2,0,0,6,16.7,113,7,4,47,42,52.8,stephch02,2020-2021,2021
Riley Stillman,22,FLA,D,1,0,0,0,-1,2,-0.1,0,0,0,0,0,0,0,0,,17,2,5,0,0,,stillri01,2020-2021,2021
Mark Stone,28,VEG,RW,7,2,9,11,6,9,1.3,2,0,0,2,6,3,0,15,13.3,132,5,8,4,3,57.1,stonema01,2020-2021,2021
Anton Stralman,34,FLA,D,3,0,1,1,0,2,0.1,0,0,0,0,1,0,0,2,0.0,62,3,2,0,0,,stralan01,2020-2021,2021
Dylan Strome,23,CHI,C,7,2,3,5,-2,2,0.4,0,2,0,0,1,2,0,13,15.4,120,3,1,50,45,52.6,stromdy01,2020-2021,2021
Ryan Strome,27,NYR,C,6,1,0,1,0,0,0.0,1,0,0,0,0,0,0,17,5.9,120,1,8,34,43,44.2,stromry01,2020-2021,2021
Jack Studnicka,21,BOS,C,5,1,0,1,-2,0,0.1,1,0,0,0,0,0,0,6,16.7,68,1,3,1,2,33.3,studnja01,2020-2021,2021
Nico Sturm,25,MIN,C,5,0,0,0,-2,0,-0.1,0,0,0,0,0,0,0,10,0.0,44,2,6,2,3,40.0,sturmni01,2020-2021,2021
Tim Stützle,19,OTT,LW,3,1,0,1,-3,2,0.0,1,0,0,0,0,0,0,5,20.0,40,1,2,0,0,,stuetti02,2020-2021,2021
P.K. Subban,31,NJD,D,6,0,1,1,-3,8,-0.1,0,0,0,0,1,0,0,16,0.0,150,5,11,0,0,,subbapk01,2020-2021,2021
Oskar Sundqvist,26,STL,C,7,2,0,2,1,6,0.2,2,0,0,0,0,0,0,6,33.3,102,9,23,21,25,45.7,sundqos01,2020-2021,2021
Pius Suter,24,CHI,F,7,3,1,4,-4,0,0.4,2,1,0,0,1,0,0,17,17.6,106,1,1,33,48,40.7,suterpi01,2020-2021,2021
Ryan Suter,36,MIN,D,7,0,5,5,-2,0,0.7,0,0,0,0,4,1,0,13,0.0,160,4,2,0,0,,suterry01,2020-2021,2021
Brandon Sutter,31,VAN,C,8,4,0,4,2,0,0.7,3,0,1,0,0,0,0,17,23.5,120,5,4,32,23,58.2,suttebr03,2020-2021,2021
Nick Suzuki,21,MTL,C,6,2,4,6,1,8,0.6,1,1,0,0,1,3,0,16,12.5,105,3,12,40,51,44.0,suzukni01,2020-2021,2021
Andrei Svechnikov,20,CAR,RW,3,3,2,5,2,2,0.9,2,1,0,0,1,1,0,7,42.9,53,1,10,0,1,0.0,svechan01,2020-2021,2021
Brandon Tanev,29,PIT,LW,7,2,1,3,0,2,0.4,2,0,0,0,1,0,0,8,25.0,99,5,43,1,0,100.0,tanevbr01,2020-2021,2021
Chris Tanev,31,CGY,D,5,0,1,1,3,0,0.5,0,0,0,0,1,0,0,4,0.0,99,12,0,0,0,,tanevch01,2020-2021,2021
Tomas Tatar,30,MTL,LW,6,3,3,6,3,2,0.8,2,1,0,1,2,1,0,9,33.3,90,3,5,2,2,50.0,tatarto01,2020-2021,2021
John Tavares,30,TOR,C,8,4,3,7,0,4,0.9,0,4,0,1,2,1,0,26,15.4,148,2,11,74,46,61.7,tavarjo01,2020-2021,2021
Matt Tennyson,30,NJD,D,6,0,1,1,7,2,0.7,0,0,0,0,1,0,0,5,0.0,78,5,12,0,0,,tennyma01,2020-2021,2021
Teuvo Teravainen,26,CAR,F,3,0,2,2,1,0,0.2,0,0,0,0,2,0,0,9,0.0,48,2,0,0,1,0.0,teravte01,2020-2021,2021
Troy Terry,23,ANA,C,6,0,0,0,0,2,-0.1,0,0,0,0,0,0,0,8,0.0,81,0,2,0,0,,terrytr01,2020-2021,2021
Alexandre Texier,21,CBJ,C,7,4,2,6,-1,6,0.8,4,0,0,0,2,0,0,13,30.8,125,2,3,10,22,31.3,texieal01,2020-2021,2021
Shea Theodore,25,VEG,D,7,3,4,7,6,2,1.6,3,0,0,0,2,2,0,30,10.0,161,8,2,0,0,,theodsh01,2020-2021,2021
Robert Thomas,21,STL,C,7,0,4,4,2,4,0.2,0,0,0,0,4,0,0,3,0.0,99,1,0,25,31,44.6,thomaro01,2020-2021,2021
Nate Thompson,36,WPG,C,4,0,0,0,0,0,-0.1,0,0,0,0,0,0,0,1,0.0,30,0,4,7,10,41.2,thompna01,2020-2021,2021
Tage Thompson,23,BUF,C,4,0,1,1,-2,2,-0.1,0,0,0,0,1,0,0,5,0.0,59,3,4,1,1,50.0,thompta01,2020-2021,2021
Joe Thornton,41,TOR,C,5,1,1,2,-1,2,0.2,1,0,0,0,0,1,0,7,14.3,77,1,3,4,7,36.4,thornjo01,2020-2021,2021
Chris Tierney,26,OTT,C,6,3,0,3,1,4,0.4,3,0,0,1,0,0,0,5,60.0,97,5,2,37,40,48.1,tiernch01,2020-2021,2021
Conor Timmins,22,COL,D,5,0,0,0,-2,0,0.0,0,0,0,0,0,0,0,6,0.0,62,5,2,0,0,,timmico01,2020-2021,2021
Owen Tippett,21,FLA,RW,3,0,0,0,-3,4,-0.2,0,0,0,0,0,0,0,2,0.0,31,0,4,0,0,,tippeow01,2020-2021,2021
Brady Tkachuk,21,OTT,LW,6,2,2,4,-3,9,0.3,2,0,0,0,2,0,0,24,8.3,105,1,22,12,17,41.4,tkachbr01,2020-2021,2021
Matthew Tkachuk,23,CGY,LW,5,3,1,4,2,2,0.7,1,2,0,0,0,1,0,26,11.5,102,1,20,0,0,,tkachma01,2020-2021,2021
Devon Toews,26,COL,D,7,3,2,5,2,0,1.3,1,2,0,0,1,1,0,12,25.0,158,16,5,0,0,,toewsde01,2020-2021,2021
Tyler Toffoli,28,MTL,C,6,5,3,8,6,2,1.4,3,1,1,0,1,1,1,20,25.0,102,2,5,2,8,20.0,toffoty01,2020-2021,2021
Yakov Trenin,24,NSH,C,3,1,0,1,1,0,0.2,1,0,0,0,0,0,0,2,50.0,23,0,4,0,0,,treniya01,2020-2021,2021
Vincent Trocheck,27,CAR,C,3,2,1,3,1,2,0.5,1,1,0,0,1,0,0,13,15.4,53,2,2,25,26,49.0,trochvi01,2020-2021,2021
Jacob Trouba,26,NYR,D,6,0,1,1,-1,2,0.2,0,0,0,0,1,0,0,10,0.0,131,8,24,0,0,,troubja01,2020-2021,2021
Alex Tuch,24,VEG,RW,7,3,3,6,0,8,0.7,2,1,0,0,3,0,0,13,23.1,111,5,4,3,3,50.0,tuchal01,2020-2021,2021
Kyle Turris,31,EDM,C,8,1,0,1,-8,2,-0.3,1,0,0,0,0,0,0,10,10.0,116,5,6,53,57,48.2,turriky01,2020-2021,2021
Juuso Valimaki,22,CGY,D,5,0,1,1,-3,2,0.0,0,0,0,0,1,0,0,7,0.0,81,8,1,0,0,,valimju01,2020-2021,2021
James van Riemsdyk,31,PHI,LW,7,5,2,7,-2,2,0.9,1,4,0,0,2,0,0,20,25.0,111,2,6,0,0,,vanrija01,2020-2021,2021
Trevor van Riemsdyk,29,WSH,D,2,0,0,0,0,0,0.0,0,0,0,0,0,0,0,2,0.0,33,3,0,0,0,,vanritr01,2020-2021,2021
Frank Vatrano,26,FLA,LW,3,1,0,1,0,2,0.1,1,0,0,1,0,0,0,9,11.1,42,2,4,0,1,0.0,vatrafr01,2020-2021,2021
Carter Verhaeghe,25,FLA,C,3,3,2,5,4,0,0.8,3,0,0,0,2,0,0,9,33.3,55,0,3,0,2,0.0,verhaca01,2020-2021,2021
Kristian Vesalainen,21,WPG,W,1,0,0,0,0,0,0.0,0,0,0,0,0,0,0,0,,9,1,0,0,0,,vesalkr01,2020-2021,2021
Jimmy Vesey,27,TOR,LW,8,2,1,3,1,2,0.4,2,0,0,0,1,0,0,11,18.2,104,2,5,0,2,0.0,veseyji02,2020-2021,2021
Gabriel Vilardi,21,LAK,C,7,3,0,3,-2,2,0.4,2,1,0,0,0,0,0,6,50.0,98,3,1,45,59,43.3,vilarga01,2020-2021,2021
Jake Virtanen,24,VAN,RW,8,1,0,1,1,4,0.0,1,0,0,0,0,0,0,12,8.3,97,1,14,1,0,100.0,virtaja01,2020-2021,2021
Marc-Edouard Vlasic,33,SJS,D,7,0,0,0,-3,2,0.0,0,0,0,0,0,0,0,6,0.0,154,10,3,0,0,,vlasima01,2020-2021,2021
Alexander Volkov,23,TBL,RW,2,0,1,1,-1,0,0.0,0,0,0,0,1,0,0,0,,22,0,1,0,0,,volkoal01,2020-2021,2021
Jakub Voracek,31,PHI,RW,7,1,7,8,1,6,0.7,1,0,0,0,4,3,0,10,10.0,114,3,3,2,2,50.0,voracja01,2020-2021,2021
Jakub Vrana,24,WSH,LW,7,3,3,6,4,2,0.9,3,0,0,1,2,1,0,14,21.4,107,1,8,0,0,,vranaja01,2020-2021,2021
Austin Wagner,23,LAK,LW,3,0,1,1,-2,0,0.0,0,0,0,0,1,0,0,5,0.0,30,0,4,0,0,,wagneau01,2020-2021,2021
Chris Wagner,29,BOS,C,6,0,0,0,-2,2,-0.1,0,0,0,0,0,0,0,12,0.0,75,4,12,17,6,73.9,wagnech01,2020-2021,2021
Sean Walker,26,LAK,D,6,0,2,2,-1,2,0.2,0,0,0,0,1,1,0,5,0.0,100,12,3,0,0,,walkese01,2020-2021,2021
Lucas Wallmark,25,CHI,C,5,0,3,3,0,2,0.2,0,0,0,0,0,2,1,3,0.0,78,0,8,27,37,42.2,wallmlu01,2020-2021,2021
Austin Watson,29,OTT,LW,6,2,1,3,-1,16,0.3,2,0,0,0,1,0,0,6,33.3,67,4,19,2,9,18.2,watsoau01,2020-2021,2021
Shea Weber,35,MTL,D,6,1,3,4,-1,6,0.3,0,1,0,1,0,3,0,14,7.1,144,6,9,0,0,,webersh01,2020-2021,2021
MacKenzie Weegar,27,FLA,D,3,0,2,2,2,2,0.3,0,0,0,0,2,0,0,6,0.0,70,3,7,0,0,,weegama01,2020-2021,2021
Andy Welinski,27,ANA,D,3,0,0,0,1,0,0.1,0,0,0,0,0,0,0,2,0.0,35,3,0,0,0,,welinan01,2020-2021,2021
Alexander Wennberg,26,FLA,C,3,0,2,2,2,0,0.1,0,0,0,0,2,0,0,4,0.0,56,0,1,15,19,44.1,wennbal01,2020-2021,2021
Zach Werenski,23,CBJ,D,7,1,0,1,-5,5,0.0,1,0,0,0,0,0,0,18,5.6,174,8,5,0,0,,werenza01,2020-2021,2021
Blake Wheeler,34,WPG,RW,7,3,5,8,-3,8,0.6,2,1,0,0,2,3,0,20,15.0,144,3,9,1,1,50.0,wheelbl01,2020-2021,2021
Colin White,24,OTT,C,2,0,1,1,0,2,0.1,0,0,0,0,1,0,0,1,0.0,20,1,4,3,7,30.0,whiteco02,2020-2021,2021
Zach Whitecloud,24,VEG,D,7,0,1,1,1,0,0.3,0,0,0,0,1,0,0,12,0.0,133,7,9,0,0,,whiteza01,2020-2021,2021
Tom Wilson,26,WSH,RW,5,3,3,6,2,2,0.8,3,0,0,1,3,0,0,8,37.5,86,1,22,4,5,44.4,wilsoto01,2020-2021,2021
Christian Wolanin,25,OTT,D,3,0,0,0,-1,2,0.0,0,0,0,0,0,0,0,3,0.0,50,1,1,0,0,,wolanch01,2020-2021,2021
Miles Wood,25,NJD,LW,6,3,2,5,5,9,0.8,2,1,0,1,2,0,0,15,20.0,92,0,1,0,0,,woodmi01,2020-2021,2021
Kailer Yamamoto,22,EDM,RW,8,3,3,6,4,6,0.9,3,0,0,0,2,0,1,14,21.4,126,14,10,0,1,0.0,yamamka01,2020-2021,2021
Keith Yandle,34,FLA,D,3,1,2,3,1,2,0.5,1,0,0,0,0,2,0,6,16.7,51,3,1,0,0,,yandlke01,2020-2021,2021
Pavel Zacha,23,NJD,C,6,2,0,2,0,0,0.2,2,0,0,0,0,0,0,11,18.2,100,2,3,35,45,43.8,zachapa01,2020-2021,2021
Filip Zadina,21,DET,RW,4,0,2,2,1,0,0.2,0,0,0,0,2,0,0,2,0.0,58,3,2,0,0,,zadinfi01,2020-2021,2021
Nikita Zadorov,25,CHI,D,7,0,1,1,-1,2,0.2,0,0,0,0,1,0,0,8,0.0,137,12,27,0,0,,zadorni01,2020-2021,2021
Nikita Zaitsev,29,OTT,D,6,0,5,5,2,2,0.8,0,0,0,0,5,0,0,5,0.0,126,9,11,0,0,,zaitsni01,2020-2021,2021
Travis Zajac,35,NJD,C,6,2,0,2,0,2,0.2,2,0,0,0,0,0,0,10,20.0,100,2,7,42,52,44.7,zajactr01,2020-2021,2021
Jakub Zboril,23,BOS,D,6,0,1,1,1,2,0.5,0,0,0,0,0,1,0,7,0.0,112,5,12,0,0,,zborija01,2020-2021,2021
Mika Zibanejad,27,NYR,C,6,1,1,2,-1,4,0.1,0,1,0,0,1,0,0,20,5.0,119,1,9,53,66,44.5,zibanmi01,2020-2021,2021
Jason Zucker,29,PIT,LW,7,1,2,3,-1,4,0.2,1,0,0,0,2,0,0,13,7.7,118,2,22,0,1,0.0,zuckeja01,2020-2021,2021
