Year,Name,Category,From,To,GP,G,A,PTS,+/-,PIM,W,L,T/O,SV%,GAA,OPS,DPS,GPS,PS,pid
2020,Ken Holland,Builder,1981,1984,4,0,0,0,0,0,0,2,1,.825,4.96,0.0,0.0,-0.1,-0.1,
2020,Marian Hossa,Player,1998,2017,1309,525,609,1134,245,628,,,,,,110.5,33.6,0.0,144.2,hossama01
2020,Jarome Iginla,Player,1997,2017,1554,625,675,1300,30,1040,,,,,,122.9,35.0,0.0,157.9,iginlja01
2020,Kevin Lowe,Player,1980,1998,1254,84,347,431,260,1498,,,,,,12.4,62.5,0.0,74.9,loweke01
2020,Kim St-Pierre,Player,,,,,,,,,,,,,,,,,,stpieki01
2020,Doug Wilson,Player,1978,1993,1024,237,590,827,55,830,,,,,,56.6,54.0,0.0,110.5,wilsodo01
2019,Guy Carbonneau,Player,1981,2000,1318,260,403,663,186,820,,,,,,21.0,23.4,0.0,44.4,carbogu01
2019,Vaclav Nedomansky,Player,1978,1983,421,122,156,278,-94,88,,,,,,13.4,4.0,0.0,17.4,nedomva01
2019,Jim Rutherford,Builder,1971,1983,457,0,15,15,0,62,151,227,59,.879,3.66,0.0,0.0,58.8,58.8,
2019,Hayley Wickenheiser,Player,,,,,,,,,,,,,,,,,,wickeha01
2019,Jerry York,Builder,,,,,,,,,,,,,,,,,,
2019,Sergei Zubov,Player,1993,2009,1068,152,619,771,148,337,,,,,,62.7,74.1,0.0,136.8,zubovse01
2018,Gary Bettman,Builder,,,,,,,,,,,,,,,,,,
2018,Martin Brodeur,Player,1992,2015,1266,2,45,47,0,122,691,397,154,.912,2.24,0.0,0.0,207.0,207.0,brodema01
2018,Jayna Hefford,Player,,,,,,,,,,,,,,,,,,heffoja01
2018,Willie O'Ree,Builder,1958,1961,45,4,10,14,-18,26,,,,,,-0.4,0.4,0.0,0.0,
2018,Martin St. Louis,Player,1999,2015,1134,391,642,1033,37,310,,,,,,87.9,27.0,0.0,114.8,stlouma01
2018,Alexander Yakushev,Player,,,,,,,,,,,,,,,,,,yakusal01
2017,Dave Andreychuk,Player,1983,2006,1639,640,698,1338,32,1121,,,,,,98.8,25.6,0.0,124.4,andreda01
2017,Clare Drake,Builder,,,,,,,,,,,,,,,,,,
2017,Danielle Goyette,Player,,,,,,,,,,,,,,,,,,goyetda01
2017,Jeremy Jacobs,Builder,,,,,,,,,,,,,,,,,,
2017,Paul Kariya,Player,1995,2010,989,402,587,989,31,399,,,,,,86.2,23.1,0.0,109.3,kariypa01
2017,Mark Recchi,Player,1989,2011,1652,577,956,1533,0,1033,,,,,,120.0,27.5,0.0,147.5,recchma01
2017,Teemu Selanne,Player,1993,2014,1451,684,773,1457,95,660,,,,,,142.9,29.4,0.0,172.3,selante01
2016,Eric Lindros,Player,1993,2007,760,372,493,865,215,1398,,,,,,81.7,20.0,0.0,101.6,lindrer01
2016,Sergei Makarov,Player,1990,1997,424,134,250,384,67,317,,,,,,24.5,6.6,0.0,31.1,makarse01
2016,Pat Quinn,Builder,1969,1977,606,18,113,131,-6,952,,,,,,0.4,33.8,0.0,34.2,
2016,Rogie Vachon,Player,1967,1982,795,0,10,10,0,47,353,293,128,.896,3.00,0.0,0.0,144.4,144.4,vachoro01
2015,Sergei Fedorov,Player,1991,2009,1248,483,696,1179,261,839,,,,,,96.0,29.6,0.0,125.6,fedorse01
2015,Bill Hay,Builder,,,,,,,,,,,,,,,,,,
2015,Phil Housley,Player,1983,2003,1495,338,894,1232,-53,822,,,,,,96.8,73.9,0.0,170.7,houslph01
2015,Peter Karmanos Jr.,Builder,,,,,,,,,,,,,,,,,,
2015,Nicklas Lidstrom,Player,1992,2012,1564,264,878,1142,450,514,,,,,,98.1,113.6,0.0,211.8,lidstni01
2015,Chris Pronger,Player,1994,2012,1167,157,541,698,183,1590,,,,,,55.7,83.7,0.0,139.4,prongch01
2015,Angela Ruggiero,Player,,,,,,,,,,,,,,,,,,ruggian01
2014,Rob Blake,Player,1990,2010,1270,240,537,777,-4,1679,,,,,,67.3,60.3,0.0,127.5,blakero01
2014,Pat Burns,Builder,,,,,,,,,,,,,,,,,,
2014,Peter Forsberg,Player,1995,2011,708,249,636,885,238,690,,,,,,77.4,20.6,0.0,97.9,forsbpe01
2014,Dominik Hasek,Player,1991,2008,735,0,19,19,0,170,389,223,95,.922,2.20,0.0,0.0,156.8,156.8,hasekdo01
2014,Bill McCreary,Referee/Linesman,,,,,,,,,,,,,,,,,,
2014,Mike Modano,Player,1990,2011,1499,561,813,1374,114,926,,,,,,110.5,34.4,0.0,144.9,modanmi01
2013,Chris Chelios,Player,1984,2010,1651,185,763,948,351,2891,,,,,,59.8,108.7,0.0,168.5,chelich01
2013,Geraldine Heaney,Player,,,,,,,,,,,,,,,,,,heanege01
2013,Scott Niedermayer,Player,1992,2010,1263,172,568,740,167,784,,,,,,58.9,82.1,0.0,141.0,niedesc01
2013,Brendan Shanahan,Player,1988,2009,1524,656,698,1354,151,2489,,,,,,118.4,29.5,0.0,148.0,shanabr01
2013,Fred Shero,Builder,1948,1950,145,6,14,20,,137,,,,,,0.2,7.9,0.0,8.1,
2012,Pavel Bure,Player,1992,2003,702,437,342,779,42,484,,,,,,80.1,13.0,0.0,93.1,burepa01
2012,Adam Oates,Player,1986,2004,1337,341,1079,1420,33,415,,,,,,94.4,22.6,0.0,117.0,oatesad01
2012,Joe Sakic,Player,1989,2009,1378,625,1016,1641,30,614,,,,,,141.7,26.1,0.0,167.8,sakicjo01
2012,Mats Sundin,Player,1991,2009,1346,564,785,1349,73,1093,,,,,,120.2,24.2,0.0,144.4,sundima01
2011,Ed Belfour,Player,1989,2007,963,0,34,34,0,380,484,320,125,.906,2.50,0.0,0.0,157.3,157.3,belfoed01
2011,Doug Gilmour,Player,1984,2003,1474,450,964,1414,129,1301,,,,,,93.2,25.4,0.0,118.6,gilmodo01
2011,Mark Howe,Player,1980,1995,929,197,545,742,400,455,,,,,,47.9,64.0,0.0,111.9,howema02
2011,Joe Nieuwendyk,Player,1987,2007,1257,564,562,1126,155,677,,,,,,98.2,21.8,0.0,120.0,nieuwjo01
2010,Dino Ciccarelli,Player,1981,1999,1232,608,592,1200,-4,1425,,,,,,90.0,15.8,0.0,105.8,ciccadi01
2010,Jim Devellano,Builder,,,,,,,,,,,,,,,,,,
2010,Cammi Granato,Player,,,,,,,,,,,,,,,,,,granaca01
2010,Angela James,Player,,,,,,,,,,,,,,,,,,jamesan01
2010,Doc Seaman,Builder,,,,,,,,,,,,,,,,,,
2009,Brett Hull,Player,1987,2006,1269,741,650,1391,23,458,,,,,,134.3,20.3,0.0,154.6,hullbr01
2009,Lou Lamoriello,Builder,,,,,,,,,,,,,,,,,,
2009,Brian Leetch,Player,1988,2006,1205,247,781,1028,25,571,,,,,,86.2,60.4,0.0,146.6,leetcbr01
2009,Luc Robitaille,Player,1987,2006,1431,668,726,1394,71,1177,,,,,,118.5,20.1,0.0,138.6,robitlu01
2009,Steve Yzerman,Player,1984,2006,1514,692,1063,1755,184,924,,,,,,139.4,27.2,0.0,166.6,yzermst01
2008,Glenn Anderson,Player,1981,1996,1129,498,601,1099,201,1120,,,,,,72.6,15.5,0.0,88.1,andergl01
2008,Ed Chynoweth,Builder,,,,,,,,,,,,,,,,,,
2008,Igor Larionov,Player,1990,2004,921,169,475,644,104,474,,,,,,38.2,16.7,0.0,54.9,larioig01
2008,Ray Scapinello,Referee/Linesman,,,,,,,,,,,,,,,,,,
2007,Ron Francis,Player,1982,2004,1731,549,1249,1798,-18,977,,,,,,121.0,28.3,0.0,149.3,francro01
2007,Jim Gregory,Builder,,,,,,,,,,,,,,,,,,
2007,Al MacInnis,Player,1982,2004,1416,340,934,1274,371,1511,,,,,,104.3,90.7,0.0,195.0,macinal01
2007,Mark Messier,Player,1980,2004,1756,694,1193,1887,211,1912,,,,,,135.6,24.8,0.0,160.4,messima01
2007,Scott Stevens,Player,1983,2004,1635,196,712,908,395,2785,,,,,,54.1,115.6,0.0,169.7,stevesc01
2006,Herb Brooks,Builder,,,,,,,,,,,,,,,,,,
2006,Dick Duff,Player,1955,1972,1030,283,289,572,-46,743,,,,,,35.7,14.0,0.0,49.7,duffdi01
2006,Harley Hotchkiss,Builder,,,,,,,,,,,,,,,,,,
2006,Patrick Roy,Player,1985,2003,1029,0,45,45,0,262,551,315,131,.910,2.54,0.0,0.0,198.3,198.3,roypa01
2005,Murray Costello,Builder,1954,1957,163,13,19,32,,54,,,,,,-2.4,1.9,0.0,-0.5,
2005,Valeri Kharlamov,Player,,,,,,,,,,,,,,,,,,kharlva01
2005,Cam Neely,Player,1984,1996,726,395,299,694,83,1241,,,,,,56.4,12.8,0.0,69.2,neelyca01
2004,Raymond Bourque,Player,1980,2001,1612,410,1169,1579,527,1141,,,,,,123.8,118.9,0.0,242.7,bourqra01
2004,Paul Coffey,Player,1981,2001,1409,396,1135,1531,298,1802,,,,,,117.0,68.8,0.0,185.7,coffepa01
2004,Cliff Fletcher,Builder,,,,,,,,,,,,,,,,,,
2004,Larry Murphy,Player,1981,2001,1615,288,929,1217,197,1084,,,,,,85.5,91.3,0.0,176.8,murphla01
2003,Grant Fuhr,Player,1982,2000,868,0,47,47,0,120,403,295,114,.887,3.38,0.0,0.0,128.6,128.6,fuhrgr01
2003,Mike Illitch,Builder,,,,,,,,,,,,,,,,,,
2003,Brian Kilrea,Builder,1958,1968,26,3,5,8,-4,12,,,,,,-0.1,0.2,0.0,0.1,
2003,Pat LaFontaine,Player,1984,1998,865,468,545,1013,-6,552,,,,,,82.1,10.7,0.0,92.8,lafonpa01
2002,Bernie Federko,Player,1977,1990,1000,369,761,1130,-131,487,,,,,,69.1,10.7,0.0,79.8,federbe01
2002,Clark Gillies,Player,1975,1988,958,319,378,697,245,1025,,,,,,37.8,17.3,0.0,55.0,gillicl01
2002,Rod Langway,Player,1979,1993,994,51,278,329,276,851,,,,,,7.2,70.9,0.0,78.1,langwro01
2002,Roger Neilson,Builder,,,,,,,,,,,,,,,,,,
2001,Viacheslav Fetisov,Player,1990,1998,546,36,192,228,114,656,,,,,,10.6,34.6,0.0,45.3,fetisvi01
2001,Mike Gartner,Player,1980,1998,1432,708,627,1335,68,1159,,,,,,100.1,21.8,0.0,121.8,gartnmi01
2001,Dale Hawerchuk,Player,1982,1997,1188,518,891,1409,-98,740,,,,,,98.6,13.3,0.0,112.0,hawerda01
2001,Jari Kurri,Player,1981,1998,1251,601,797,1398,304,545,,,,,,98.7,18.7,0.0,117.4,kurrija01
2001,Craig Patrick,Builder,1972,1979,401,72,91,163,-133,61,,,,,,2.5,3.1,0.0,5.6,
2000,Walter Bush,Builder,,,,,,,,,,,,,,,,,,
2000,Joe Mullen,Player,1982,1997,1062,502,561,1063,167,241,,,,,,75.1,16.0,0.0,91.2,mullejo01
2000,Denis Savard,Player,1981,1997,1196,473,865,1338,103,1336,,,,,,87.4,17.8,0.0,105.2,savarde01
1999,Wayne Gretzky,Player,1980,1999,1487,894,1963,2857,520,577,,,,,,223.9,27.1,0.0,251.0,gretzwa01
1999,Scotty Morrison,Builder,,,,,,,,,,,,,,,,,,
1999,Andy Van Hellemond,Referee/Linesman,,,,,,,,,,,,,,,,,,
1998,Roy Conacher,Player,1939,1952,490,226,201,427,,88,,,,,,44.4,6.4,0.0,50.8,conacro01
1998,Michel Goulet,Player,1980,1994,1089,548,605,1153,99,825,,,,,,79.3,17.5,0.0,96.9,goulemi01
1998,Athol Murray,Builder,,,,,,,,,,,,,,,,,,
1998,Peter Stastny,Player,1981,1995,977,450,789,1239,-15,824,,,,,,82.1,12.0,0.0,94.1,stastpe01
1997,Mario Lemieux,Player,1985,2006,915,690,1033,1723,114,834,,,,,,152.4,15.4,0.0,167.9,lemiema01
1997,Glen Sather,Builder,1967,1976,658,80,113,193,15,724,,,,,,-5.1,8.5,0.0,3.4,
1997,Bryan Trottier,Player,1976,1994,1279,524,901,1425,449,912,,,,,,94.1,26.1,0.0,120.2,trottbr01
1996,Al Arbour,Builder,1954,1971,626,12,58,70,62,611,,,,,,-4.1,43.4,0.0,39.3,
1996,Bobby Bauer,Player,1937,1952,327,123,136,259,,38,,,,,,25.0,7.1,0.0,32.1,bauerbo01
1996,Borje Salming,Player,1974,1990,1148,150,637,787,170,1344,,,,,,48.9,63.9,0.0,112.8,salmibo01
1995,Bun Cook,Player,1927,1937,477,158,146,304,,458,,,,,,42.1,9.5,0.0,51.6,cookbu01
1995,Larry Robinson,Player,1973,1992,1384,208,750,958,722,793,,,,,,60.5,109.0,0.0,169.5,robinla01
1995,Gunther Sabetzki,Builder,,,,,,,,,,,,,,,,,,
1995,Bill Torrey,Builder,,,,,,,,,,,,,,,,,,
1994,Lionel Conacher,Player,1926,1937,498,78,108,186,,883,,,,,,29.2,36.3,0.0,65.5,conacli01
1994,Brian O'Neill,Builder,,,,,,,,,,,,,,,,,,
1994,Harry Watson,Player,1942,1957,809,236,207,443,,150,,,,,,31.8,13.4,0.0,45.3,watsonha02
1993,John D'Amico,Referee/Linesman,,,,,,,,,,,,,,,,,,
1993,Frank Griffiths,Builder,,,,,,,,,,,,,,,,,,
1993,Seymour Knox,Builder,,,,,,,,,,,,,,,,,,
1993,Guy Lapointe,Player,1969,1984,884,171,451,622,329,893,,,,,,47.4,61.0,0.0,108.3,lapoigu01
1993,Edgar Laprade,Player,1946,1955,500,108,172,280,,42,,,,,,16.8,6.2,0.0,23.0,lapraed01
1993,Fred Page,Builder,,,,,,,,,,,,,,,,,,
1993,Steve Shutt,Player,1973,1985,930,424,393,817,394,410,,,,,,58.9,20.6,0.0,79.6,shuttst01
1993,Billy Smith,Player,1972,1989,679,1,12,13,0,475,305,233,105,.895,3.18,0.0,0.0,124.1,124.1,smithbi01
1992,Keith Allen,Builder,1954,1955,28,0,4,4,,6,,,,,,-0.1,2.3,0.0,2.2,
1992,Marcel Dionne,Player,1972,1989,1348,731,1040,1771,27,600,,,,,,135.9,19.6,0.0,155.5,dionnma01
1992,Woody Dumart,Player,1936,1954,774,211,219,430,,99,,,,,,32.4,15.7,0.0,48.1,dumarwo01
1992,Bob Gainey,Player,1974,1989,1160,239,262,501,201,585,,,,,,8.8,18.1,0.0,26.9,gainebo01
1992,Bob Johnson,Builder,,,,,,,,,,,,,,,,,,
1992,Frank Mathers,Builder,1949,1952,23,1,3,4,,4,,,,,,0.1,1.5,0.0,1.6,
1992,Lanny McDonald,Player,1974,1989,1111,500,506,1006,39,899,,,,,,69.5,14.7,0.0,84.2,mcdonla01
1991,Neil Armstrong,Referee/Linesman,,,,,,,,,,,,,,,,,,
1991,Mike Bossy,Player,1978,1987,752,573,553,1126,380,210,,,,,,93.1,17.8,0.0,110.9,bossymi01
1991,Scotty Bowman,Builder,,,,,,,,,,,,,,,,,,
1991,Denis Potvin,Player,1974,1988,1060,310,742,1052,456,1356,,,,,,81.4,79.3,0.0,160.7,potvide01
1991,Bob Pulford,Player,1957,1972,1079,281,362,643,-21,793,,,,,,38.8,14.2,0.0,53.0,pulfobo01
1991,Clint Smith,Player,1937,1947,483,161,237,398,,24,,,,,,26.5,8.0,0.0,34.5,smithcl01
1990,Bill Barber,Player,1973,1984,903,420,463,883,312,623,,,,,,64.1,17.3,0.0,81.3,barbebi01
1990,Fern Flaman,Player,1945,1961,911,34,174,208,-16,1372,,,,,,7.6,54.3,0.0,61.9,flamafe01
1990,Gilbert Perreault,Player,1971,1987,1191,512,814,1326,41,500,,,,,,96.0,17.3,0.0,113.3,perregi01
1990,Bud Poile,Builder,1943,1950,311,107,122,229,,91,,,,,,17.4,4.8,0.0,22.2,
1989,David Bauer,Builder,,,,,,,,,,,,,,,,,,
1989,Herbie Lewis,Player,1929,1939,484,147,161,308,,248,,,,,,35.4,9.7,0.0,45.2,lewishe01
1989,Darryl Sittler,Player,1971,1985,1096,484,637,1121,57,948,,,,,,81.0,14.9,0.0,95.9,sittlda01
1989,Vladislav Tretiak,Player,,,,,,,,,,,,,,,,,,tretivl01
1988,Tony Esposito,Player,1969,1984,886,0,25,25,0,31,423,306,152,.906,2.93,0.0,0.0,178.7,178.7,esposto01
1988,George Hayes,Referee/Linesman,,,,,,,,,,,,,,,,,,
1988,Guy Lafleur,Player,1972,1991,1126,560,793,1353,446,399,,,,,,106.0,24.6,0.0,130.5,laflegu01
1988,Buddy O'Connor,Player,1942,1951,509,140,257,397,,34,,,,,,24.0,9.3,0.0,33.3,o'conbu01
1988,Brad Park,Player,1969,1985,1113,213,683,896,363,1429,,,,,,66.3,77.2,0.0,143.5,parkbr01
1988,Edward Snider,Builder,,,,,,,,,,,,,,,,,,
1987,Bobby Clarke,Player,1970,1984,1144,358,852,1210,507,1453,,,,,,79.3,26.8,0.0,106.1,clarkbo01
1987,Ed Giacomin,Player,1966,1978,610,0,9,9,0,68,290,209,96,.902,2.82,0.0,0.0,110.9,110.9,giacoed01
1987,Jacques Laperriere,Player,1963,1974,692,40,242,282,256,679,,,,,,16.6,53.8,0.0,70.3,laperja01
1987,Matt Pavelich,Referee/Linesman,,,,,,,,,,,,,,,,,,
1987,John Ziegler,Builder,,,,,,,,,,,,,,,,,,
1986,Leo Boivin,Player,1952,1970,1150,72,250,322,-212,1196,,,,,,16.1,53.5,0.0,69.6,boivile01
1986,Bill Hanley,Builder,,,,,,,,,,,,,,,,,,
1986,Dave Keon,Player,1961,1982,1296,396,590,986,61,117,,,,,,66.9,19.6,0.0,86.5,keonda01
1986,Serge Savard,Player,1967,1983,1040,106,333,439,462,590,,,,,,24.7,77.8,0.0,102.5,savarse01
1985,Gerry Cheevers,Player,1962,1980,418,0,11,11,0,214,227,104,76,.901,2.89,0.0,0.0,74.5,74.5,cheevge01
1985,John Mariucci,Builder,1941,1948,224,11,34,45,,328,,,,,,0.3,9.6,0.0,10.0,
1985,Bert Olmstead,Player,1949,1962,848,181,421,602,-1,887,,,,,,41.9,14.6,0.0,56.5,olmstbe01
1985,Rudy Pilous,Builder,,,,,,,,,,,,,,,,,,
1985,Jean Ratelle,Player,1961,1981,1280,491,776,1267,236,276,,,,,,94.8,24.0,0.0,118.9,ratelje01
1984,Phil Esposito,Player,1964,1981,1282,717,873,1590,252,910,,,,,,142.9,20.7,0.0,163.7,esposph01
1984,Punch Imlach,Builder,,,,,,,,,,,,,,,,,,
1984,Jacques Lemaire,Player,1968,1979,853,366,469,835,344,217,,,,,,68.1,18.5,0.0,86.6,lemaija01
1984,Jake Milford,Builder,,,,,,,,,,,,,,,,,,
1984,Bernie Parent,Player,1966,1979,608,0,12,12,0,116,271,198,119,.915,2.55,0.0,0.0,124.9,124.9,parenbe01
1983,Ken Dryden,Player,1971,1979,397,0,19,19,0,12,258,57,74,.922,2.24,0.0,0.0,98.6,98.6,drydeke01
1983,Bobby Hull,Player,1958,1980,1063,610,560,1170,249,634,,,,,,116.0,20.3,0.0,136.3,hullbo01
1983,Stan Mikita,Player,1959,1980,1396,541,926,1467,329,1264,,,,,,117.1,26.4,0.0,143.5,mikitst01
1983,Harry Sinden,Builder,,,,,,,,,,,,,,,,,,
1982,Yvan Cournoyer,Player,1964,1979,968,428,435,863,254,233,,,,,,72.6,18.7,0.0,91.3,cournyv01
1982,Emile Francis,Builder,1947,1952,95,0,0,0,,6,32,52,10,,3.75,0.0,0.0,8.1,8.1,
1982,Rod Gilbert,Player,1961,1978,1065,406,615,1021,38,510,,,,,,78.5,16.3,0.0,94.9,gilbero01
1982,Norm Ullman,Player,1956,1975,1410,490,739,1229,7,710,,,,,,97.1,21.4,0.0,118.4,ullmano01
1981,John Ashley,Referee/Linesman,,,,,,,,,,,,,,,,,,
1981,John Bucyk,Player,1956,1978,1540,556,813,1369,-7,493,,,,,,104.0,18.4,0.0,122.4,bucykjo01
1981,Frank Mahovlich,Player,1957,1974,1181,533,570,1103,266,1054,,,,,,99.5,22.3,0.0,121.7,mahovfr01
1981,Allan Stanley,Player,1949,1969,1244,100,333,433,117,792,,,,,,29.8,73.8,0.0,103.6,stanlal01
1980,Jack Butterfield,Builder,,,,,,,,,,,,,,,,,,
1980,Harry Lumley,Player,1944,1960,803,0,0,0,,93,330,329,142,.905,2.74,0.0,0.0,133.6,133.6,lumleha01
1980,Lynn Patrick,Player,1935,1946,455,145,191,336,,240,,,,,,26.6,7.9,0.0,34.5,patrily01
1980,Gump Worsley,Player,1953,1974,860,0,3,3,0,137,333,348,149,.914,2.87,0.0,0.0,131.2,131.2,worslgu01
1979,Harry Howell,Player,1953,1973,1411,94,324,418,-152,1298,,,,,,21.9,65.7,0.0,87.6,howelha01
1979,Gordon Juckes,Builder,,,,,,,,,,,,,,,,,,
1979,Bobby Orr,Player,1967,1979,657,270,645,915,582,953,,,,,,90.1,60.9,0.0,150.9,orrbo01
1979,Henri Richard,Player,1956,1975,1258,358,688,1046,243,932,,,,,,75.5,23.3,0.0,98.7,richahe01
1978,Andy Bathgate,Player,1953,1971,1069,349,624,973,-60,624,,,,,,79.0,12.9,0.0,91.8,bathgan01
1978,John Bickell,Builder,,,,,,,,,,,,,,,,,,
1978,Jacques Plante,Player,1953,1973,837,0,8,8,0,92,437,246,145,.920,2.38,0.0,0.0,173.7,173.7,plantja01
1978,Sam Pollock,Builder,,,,,,,,,,,,,,,,,,
1978,Marcel Pronovost,Player,1951,1970,1206,88,257,345,39,847,,,,,,21.4,80.1,0.0,101.5,pronoma01
1978,William Tutt,Builder,,,,,,,,,,,,,,,,,,
1977,Bunny Ahearne,Builder,,,,,,,,,,,,,,,,,,
1977,Harold Ballard,Builder,,,,,,,,,,,,,,,,,,
1977,Joseph Cattarinich,Builder,,,,,,,,,,,,,,,,,,
1977,Alex Delvecchio,Player,1951,1974,1550,456,825,1281,24,383,,,,,,98.7,24.8,0.0,123.5,delveal01
1977,Tim Horton,Player,1950,1974,1445,115,403,518,191,1611,,,,,,33.7,97.9,0.0,131.7,hortoti01
1976,Johnny Bower,Player,1954,1970,552,0,3,3,0,36,250,192,90,.922,2.51,0.0,0.0,104.3,104.3,bowerjo01
1976,Jack Gibson,Builder,,,,,,,,,,,,,,,,,,
1976,Bill Quackenbush,Player,1943,1956,775,62,223,285,,95,,,,,,19.8,48.9,0.0,68.7,quackbi01
1976,Philip Ross,Builder,,,,,,,,,,,,,,,,,,
1976,William Wirtz,Builder,,,,,,,,,,,,,,,,,,
1975,George Armstrong,Player,1950,1971,1188,296,417,713,101,726,,,,,,46.1,19.8,0.0,66.0,armstge01
1975,Ace Bailey,Player,1927,1934,316,111,81,192,,488,,,,,,29.7,6.5,0.0,36.2,baileac01
1975,Frank Buckland,Builder,,,,,,,,,,,,,,,,,,
1975,Gordie Drillon,Player,1937,1943,312,155,140,295,,56,,,,,,31.5,5.9,0.0,37.4,drillgo01
1975,Glenn Hall,Player,1953,1971,906,0,9,9,0,98,407,326,164,.918,2.50,0.0,0.0,177.6,177.6,hallgl01
1975,William Jennings,Builder,,,,,,,,,,,,,,,,,,
1975,Pierre Pilote,Player,1956,1969,890,80,418,498,187,1257,,,,,,37.8,55.3,0.0,93.1,pilotpi01
1974,Billy Burch,Player,1923,1933,390,136,60,196,,263,,,,,,32.7,7.5,0.0,40.2,burchbi01
1974,Art Coulter,Player,1932,1942,458,31,82,113,,546,,,,,,6.3,39.9,0.0,46.1,coultar01
1974,Tommy Dunderdale,Player,,,,,,,,,,,,,,,,,,dundeto01
1974,Charles Hay,Builder,,,,,,,,,,,,,,,,,,
1974,Tommy Ivan,Builder,,,,,,,,,,,,,,,,,,
1974,Dickie Moore,Player,1952,1968,719,261,346,607,63,646,,,,,,51.9,13.4,0.0,65.2,mooredi01
1974,Anatoli Tarasov,Builder,,,,,,,,,,,,,,,,,,
1974,Carl Voss,Builder,1927,1938,264,34,71,105,,50,,,,,,3.7,3.8,0.0,7.5,
1973,Doug Harvey,Player,1948,1969,1113,88,452,540,46,1225,,,,,,42.9,80.3,0.0,123.2,harvedo01
1973,Hartland Molson,Builder,,,,,,,,,,,,,,,,,,
1973,Chuck Rayner,Player,1941,1953,425,0,0,0,,26,138,207,78,,3.03,0.0,0.0,61.6,61.6,raynech01
1973,Tommy Smith,Player,1920,1920,10,0,1,1,,11,,,,,,-0.7,0.0,0.0,-0.7,smithto01
1973,Frank Udvari,Referee/Linesman,,,,,,,,,,,,,,,,,,
1972,Weston Adams,Builder,,,,,,,,,,,,,,,,,,
1972,Jean Beliveau,Player,1951,1971,1125,507,712,1219,117,1033,,,,,,116.8,21.3,0.0,138.1,belivje01
1972,Bernie Geoffrion,Player,1951,1968,883,393,429,822,39,683,,,,,,81.3,16.2,0.0,97.5,geoffbe01
1972,Hap Holmes,Player,1918,1928,103,0,0,0,,0,39,54,10,,2.47,0.0,0.0,15.7,15.7,holmeha01
1972,Gordie Howe,Player,1947,1980,1767,801,1049,1850,160,1685,,,,,,186.6,30.5,0.0,217.1,howego01
1972,Hooley Smith,Player,1925,1941,717,200,226,426,,1056,,,,,,51.5,13.7,0.0,65.2,smithho01
1971,Busher Jackson,Player,1930,1944,634,241,234,475,,450,,,,,,50.6,10.8,0.0,61.4,jacksbu01
1971,Gord Roberts,Player,,,,,,,,,,,,,,,,,,robergo01
1971,Terry Sawchuk,Player,1950,1970,971,0,7,7,0,225,445,336,171,.907,2.50,0.0,0.0,179.0,179.0,sawchte01
1971,Cooney Weiland,Player,1929,1939,509,173,162,335,,149,,,,,,43.2,11.3,0.0,54.6,weilaco01
1971,Arthur Wirtz,Builder,,,,,,,,,,,,,,,,,,
1970,Babe Dye,Player,1920,1931,272,203,50,253,,220,,,,,,41.2,5.4,0.0,46.6,dyeba01
1970,Bill Gadsby,Player,1947,1966,1248,130,438,568,-62,1539,,,,,,47.0,53.3,0.0,100.3,gadsbbi01
1970,Tom Johnson,Player,1948,1965,978,51,213,264,56,960,,,,,,12.7,68.9,0.0,81.6,johnsto01
1970,Bob LeBel,Builder,,,,,,,,,,,,,,,,,,
1969,Sid Abel,Player,1939,1954,612,188,284,472,,376,,,,,,37.8,11.6,0.0,49.4,abelsi01
1969,Bryan Hextall,Player,1937,1948,449,187,180,367,,227,,,,,,29.4,7.0,0.0,36.5,hextabr01
1969,Red Kelly,Player,1948,1967,1316,281,542,823,50,327,,,,,,76.1,70.2,0.0,146.3,kellyre01
1969,Al Leader,Builder,,,,,,,,,,,,,,,,,,
1969,Bruce Norris,Builder,,,,,,,,,,,,,,,,,,
1969,Roy Worters,Player,1926,1937,484,0,0,0,,0,171,230,82,,2.28,0.0,0.0,75.7,75.7,wortero01
1968,Bill Cowley,Player,1935,1947,549,195,354,549,,143,,,,,,46.7,10.5,0.0,57.2,cowlebi01
1968,Jimmy Dunn,Builder,,,,,,,,,,,,,,,,,,
1968,Jim Hendy,Builder,,,,,,,,,,,,,,,,,,
1967,Turk Broda,Player,1937,1952,629,0,0,0,,8,304,222,102,,2.53,0.0,0.0,120.4,120.4,brodatu01
1967,Neil Colville,Player,1936,1949,465,100,166,266,,213,,,,,,21.3,15.5,0.0,36.8,colvine01
1967,Harry Oliver,Player,1927,1937,465,127,85,212,,147,,,,,,29.7,9.4,0.0,39.1,oliveha01
1967,Red Storey,Referee/Linesman,,,,,,,,,,,,,,,,,,
1966,Max Bentley,Player,1941,1954,646,245,299,544,,177,,,,,,46.6,10.0,0.0,56.6,bentlma01
1966,Toe Blake,Player,1935,1948,577,235,294,529,,282,,,,,,42.2,10.4,0.0,52.6,blaketo01
1966,Butch Bouchard,Player,1942,1956,786,49,144,193,,865,,,,,,6.6,62.8,0.0,69.4,bouchbu01
1966,Frank Brimsek,Player,1939,1950,514,0,0,0,,6,252,182,80,,2.70,0.0,0.0,95.4,95.4,brimsfr01
1966,Clarence Campbell,Builder,,,,,,,,,,,,,,,,,,
1966,Ted Kennedy,Player,1943,1957,696,230,330,560,,432,,,,,,46.2,13.2,0.0,59.4,kennete01
1966,Elmer Lach,Player,1941,1954,664,215,408,623,,478,,,,,,47.7,13.3,0.0,61.0,lachel01
1966,Ted Lindsay,Player,1945,1965,1068,379,472,851,9,1808,,,,,,80.6,19.6,0.0,100.2,lindste01
1966,Babe Pratt,Player,1936,1947,518,83,210,293,,491,,,,,,23.1,41.6,0.0,64.7,prattba01
1966,Ken Reardon,Player,1941,1950,353,26,96,122,,604,,,,,,7.8,26.0,0.0,33.8,reardke01
1965,Marty Barry,Player,1928,1940,507,194,193,387,,231,,,,,,48.2,9.5,0.0,57.7,barryma01
1965,Clint Benedict,Player,1918,1930,362,0,0,0,,9,189,142,28,,2.32,0.0,0.0,77.8,77.8,benedcl01
1965,Art Farrell,Player,,,,,,,,,,,,,,,,,,farrear01
1965,Foster Hewitt,Builder,,,,,,,,,,,,,,,,,,
1965,Red Horner,Player,1929,1940,490,42,110,152,,1288,0,0,0,,60.00,13.7,37.6,-0.1,51.2,hornere01
1965,Syd Howe,Player,1930,1946,700,237,292,529,,214,,,,,,44.2,11.5,0.0,55.7,howesy01
1965,Tommy Lockhart,Builder,,,,,,,,,,,,,,,,,,
1965,Jack Marshall,Player,,,,,,,,,,,,,,,,,,marshja01
1965,Bill Mosienko,Player,1942,1955,711,258,282,540,,133,,,,,,43.3,6.4,0.0,49.8,mosiebi01
1965,Blair Russell,Player,,,,,,,,,,,,,,,,,,russebl01
1965,Ernie Russell,Player,,,,,,,,,,,,,,,,,,russeer01
1965,Fred Scanlon,Player,,,,,,,,,,,,,,,,,,scanlfr01
1964,Doug Bentley,Player,1940,1954,565,219,324,543,,217,,,,,,42.5,6.4,0.0,48.9,bentldo01
1964,Angus Campbell,Builder,,,,,,,,,,,,,,,,,,
1964,Bill Chadwick,Referee/Linesman,,,,,,,,,,,,,,,,,,
1964,Francis Dilio,Builder,,,,,,,,,,,,,,,,,,
1964,Bill Durnan,Player,1944,1950,383,0,1,1,,9,208,112,62,,2.36,0.0,0.0,90.7,90.7,durnabi01
1964,Babe Siebert,Player,1926,1939,594,140,154,294,,1002,,,,,,31.9,15.1,0.0,47.0,siebeba01
1964,Jack Stewart,Player,1939,1952,565,31,83,114,,765,,,,,,2.8,38.2,0.0,41.0,stewaja01
1963,Leo Dandurand,Builder,,,,,,,,,,,,,,,,,,
1963,Ebbie Goodfellow,Player,1930,1943,557,135,191,326,,511,,,,,,34.1,20.8,0.0,54.9,goodfeb01
1963,Tommy Gorman,Builder,,,,,,,,,,,,,,,,,,
1963,Bobby Hewitson,Referee/Linesman,,,,,,,,,,,,,,,,,,
1963,Frederic McLaughlin,Builder,,,,,,,,,,,,,,,,,,
1963,Joe Primeau,Player,1928,1936,310,66,177,243,,105,,,,,,23.1,6.1,0.0,29.2,primejo01
1963,Earl Seibert,Player,1932,1946,657,89,187,276,,766,,,,,,23.1,43.1,0.0,66.2,seibeea01
1962,Frank Ahearn,Builder,,,,,,,,,,,,,,,,,,
1962,Punch Broadbent,Player,1919,1929,303,120,52,172,,576,,,,,,15.5,9.7,0.0,25.2,broadpu01
1962,Walter Brown,Builder,,,,,,,,,,,,,,,,,,
1962,Harry Cameron,Player,1918,1923,129,88,54,142,,180,,,,,,15.0,13.8,0.0,28.7,camerha01
1962,Rusty Crawford,Player,1918,1919,38,10,8,18,,115,,,,,,-0.7,0.9,0.0,0.1,crawfru01
1962,Jack Darragh,Player,1918,1924,121,68,49,117,,107,0,0,0,,0.00,6.5,4.6,0.0,11.1,darraja01
1962,Jim Gardner,Player,,,,,,,,,,,,,,,,,,gardnji01
1962,Billy Gilmour,Player,,,,,,,,,,,,,,,,,,gilmobi01
1962,Shorty Green,Player,1924,1927,103,34,22,56,,167,,,,,,6.5,2.4,0.0,8.9,greensh01
1962,Riley Hern,Player,,,,,,,,,,,,,,,,,,hernri01
1962,Tom Hooper,Player,,,,,,,,,,,,,,,,,,hoopeto01
1962,Fred Hume,Builder,,,,,,,,,,,,,,,,,,
1962,Bowse Hutton,Player,,,,,,,,,,,,,,,,,,huttobo01
1962,Harry Hyland,Player,1918,1918,17,14,2,16,,65,,,,,,1.2,0.4,0.0,1.6,hylanha01
1962,Jack Laviolette,Player,1918,1918,18,2,1,3,,6,,,,,,-1.1,0.7,0.0,-0.4,lavioja01
1962,Steamer Maxwell,Player,,,,,,,,,,,,,,,,,,maxwest01
1962,Billy McGimsie,Player,,,,,,,,,,,,,,,,,,mcgimbi01
1962,Reg Noble,Player,1918,1933,510,167,106,273,,925,,,,,,20.4,14.8,0.0,35.2,noblere01
1962,James Norris,Builder,,,,,,,,,,,,,,,,,,
1962,Ambrose O'Brien,Builder,,,,,,,,,,,,,,,,,,
1962,Didier Pitre,Player,1918,1923,127,64,35,99,,87,,,,,,4.7,3.9,0.0,8.6,pitredi01
1962,Mike Rodden,Referee/Linesman,,,,,,,,,,,,,,,,,,
1962,Jack Ruttan,Player,,,,,,,,,,,,,,,,,,ruttaja01
1962,Sweeney Schriner,Player,1935,1946,484,201,206,407,,148,,,,,,40.1,7.5,0.0,47.6,schrisw01
1962,Joe Simpson,Player,1926,1931,228,21,19,40,,172,,,,,,3.2,17.5,0.0,20.7,simpsjo01
1962,Alf Smith,Player,,,,,,,,,,,,,,,,,,smithal01
1962,Frank Smith,Builder,,,,,,,,,,,,,,,,,,
1962,Barney Stanley,Player,1928,1928,1,0,0,0,,0,,,,,,-0.1,0.0,0.0,-0.1,stanlba01
1962,Marty Walsh,Player,,,,,,,,,,,,,,,,,,walshma01
1962,Harry Watson,Player,,,,,,,,,,,,,,,,,,watsoha01
1962,Harry Westwick,Player,,,,,,,,,,,,,,,,,,westwha01
1962,Fred Whitcroft,Player,,,,,,,,,,,,,,,,,,whitcfr01
1962,Phat Wilson,Player,,,,,,,,,,,,,,,,,,wilsoph01
1961,Syl Apps,Player,1937,1948,423,201,231,432,,56,,,,,,44.5,8.0,0.0,52.5,appssy01
1961,George Brown,Builder,,,,,,,,,,,,,,,,,,
1961,Charlie Conacher,Player,1930,1941,461,224,172,396,,523,0,0,0,,0.00,56.4,10.0,0.1,66.5,conacch01
1961,Hap Day,Player,1925,1938,586,86,121,207,,597,,,,,,12.6,13.6,0.0,26.2,dayha01
1961,Chaucer Elliott,Referee/Linesman,,,,,,,,,,,,,,,,,,
1961,George Hainsworth,Player,1927,1937,465,0,0,0,,4,246,144,74,,1.93,0.0,0.0,94.2,94.2,hainsge01
1961,Joe Hall,Player,1918,1919,37,15,9,24,,230,,,,,,1.8,4.8,0.0,6.6,halljo01
1961,Mickey Ion,Referee/Linesman,,,,,,,,,,,,,,,,,,
1961,Percy LeSueur,Player,,,,,,,,,,,,,,,,,,lesuepe01
1961,Paul Loicq,Builder,,,,,,,,,,,,,,,,,,
1961,Frank Rankin,Player,,,,,,,,,,,,,,,,,,rankifr01
1961,Maurice Richard,Player,1943,1960,978,544,422,966,18,1287,,,,,,105.3,20.0,0.0,125.3,richama01
1961,Milt Schmidt,Player,1937,1955,776,229,346,575,,466,,,,,,50.0,13.4,0.0,63.3,schmimi01
1961,Oliver Seibert,Player,,,,,,,,,,,,,,,,,,seibeol01
1961,Cooper Smeaton,Referee/Linesman,,,,,,,,,,,,,,,,,,
1961,Bruce Stuart,Player,,,,,,,,,,,,,,,,,,stuarbr01
1961,Fred Waghorne,Builder,,,,,,,,,,,,,,,,,,
1960,Charles Adams,Builder,,,,,,,,,,,,,,,,,,
1960,Georges Boucher,Player,1918,1932,450,118,87,205,,845,,,,,,24.4,53.0,0.0,77.4,bouchge01
1960,John Kilpatrick,Builder,,,,,,,,,,,,,,,,,,
1960,Sylvio Mantha,Player,1924,1937,542,63,77,140,,671,,,,,,18.6,48.9,0.0,67.5,manthsy01
1960,Frank Selke,Builder,,,,,,,,,,,,,,,,,,
1960,Jack Walker,Player,1927,1928,84,5,8,13,,16,,,,,,-2.1,1.7,0.0,-0.4,walkeja01
1959,Jack Adams,Player,1918,1927,173,81,44,125,,384,,,,,,17.5,3.4,0.0,20.9,adamsja01
1959,Cy Denneny,Player,1918,1929,329,247,89,336,,296,,,,,,46.8,11.5,0.0,58.3,dennecy01
1959,Tiny Thompson,Player,1929,1940,553,0,1,1,,0,284,194,75,,2.07,0.0,0.0,107.1,107.1,thompti01
1958,Frank Boucher,Player,1922,1944,557,160,264,424,,110,,,,,,53.0,11.1,0.0,64.1,bouchfr01
1958,King Clancy,Player,1922,1937,592,137,150,287,,914,0,0,0,,20.00,45.2,59.0,-0.1,104.1,clancki01
1958,Sprague Cleghorn,Player,1919,1928,262,85,63,148,,549,0,0,0,,0.00,16.6,31.9,0.0,48.5,cleghsp01
1958,Alec Connell,Player,1925,1937,418,0,0,0,,4,193,156,68,,1.92,0.0,0.0,85.5,85.5,conneal01
1958,George Dudley,Builder,,,,,,,,,,,,,,,,,,
1958,Red Dutton,Player,1927,1936,449,28,68,96,,884,,,,,,7.6,34.2,0.0,41.8,duttore01
1958,Frank Foyston,Player,1927,1928,64,17,7,24,,30,,,,,,3.9,1.2,0.0,5.1,foystfr01
1958,Frank Fredrickson,Player,1927,1931,161,39,34,73,,211,,,,,,12.0,3.2,0.0,15.2,fredrfr01
1958,Herb Gardiner,Player,1927,1929,100,10,10,20,,48,,,,,,2.5,13.0,0.0,15.5,gardihe01
1958,George Hay,Player,1927,1933,240,74,62,136,,87,,,,,,23.1,4.9,0.0,28.0,hayge01
1958,Dick Irvin,Player,1927,1929,95,29,23,52,,84,,,,,,10.4,0.8,0.0,11.2,irvindi01
1958,Ching Johnson,Player,1927,1938,436,38,48,86,,836,,,,,,8.6,34.3,0.0,42.9,johnsch01
1958,Duke Keats,Player,1927,1929,82,29,19,48,,114,,,,,,10.2,0.8,0.0,11.0,keatsdu01
1958,Hugh Lehman,Player,1927,1928,48,0,0,0,,0,20,24,4,,2.68,0.0,0.0,2.3,2.3,lehmahu01
1958,George McNamara,Player,,,,,,,,,,,,,,,,,,mcnamge01
1958,Paddy Moran,Player,,,,,,,,,,,,,,,,,,moranpa01
1958,James Norris Sr.,Builder,,,,,,,,,,,,,,,,,,
1958,Allan Pickard,Builder,,,,,,,,,,,,,,,,,,
1958,Donat Raymond,Builder,,,,,,,,,,,,,,,,,,
1958,Conn Smythe,Builder,,,,,,,,,,,,,,,,,,
1958,Lloyd Turner,Builder,,,,,,,,,,,,,,,,,,
1952,Dickie Boon,Player,,,,,,,,,,,,,,,,,,boondi01
1952,Bill Cook,Player,1927,1937,475,228,138,366,,386,,,,,,63.1,9.4,0.0,72.5,cookbi01
1952,Moose Goheen,Player,,,,,,,,,,,,,,,,,,goheemo01
1952,Moose Johnson,Player,,,,,,,,,,,,,,,,,,johnsmo01
1952,Mickey MacKay,Player,1927,1930,147,44,19,63,,79,,,,,,12.2,2.4,0.0,14.6,mackami01
1952,Nels Stewart,Player,1926,1940,650,324,191,515,,950,,,,,,89.2,12.1,0.0,101.3,stewane01
1950,Scotty Davidson,Player,,,,,,,,,,,,,,,,,,davidsc01
1950,Graham Drinkwater,Player,,,,,,,,,,,,,,,,,,drinkgr01
1950,Mike Grant,Player,,,,,,,,,,,,,,,,,,grantmi01
1950,Si Griffis,Player,,,,,,,,,,,,,,,,,,griffsi01
1950,Newsy Lalonde,Player,1918,1927,99,125,42,167,,185,,,,,,19.4,2.8,0.0,22.2,lalonne01
1950,Joe Malone,Player,1918,1924,126,143,33,176,,57,,,,,,18.6,2.9,0.0,21.5,malonjo01
1950,Frank Patrick,Builder,,,,,,,,,,,,,,,,,,
1950,George Richardson,Player,,,,,,,,,,,,,,,,,,richage01
1950,Harry Trihey,Player,,,,,,,,,,,,,,,,,,triheha01
1949,Dan Bain,Player,,,,,,,,,,,,,,,,,,bainda01
1949,Art Ross,Player,1918,1918,3,1,0,1,,12,,,,,,0.0,0.3,0.0,0.3,rossar01
1947,Russell Bowie,Player,,,,,,,,,,,,,,,,,,bowieru01
1947,Frank Calder,Builder,,,,,,,,,,,,,,,,,,
1947,Dit Clapper,Player,1928,1947,835,229,248,477,,452,,,,,,54.6,39.6,0.0,94.2,clappdi01
1947,William Hewitt,Builder,,,,,,,,,,,,,,,,,,
1947,Aurel Joliat,Player,1923,1938,655,269,194,463,,766,,,,,,73.0,14.6,0.0,87.6,joliaau01
1947,Francis Nelson,Builder,,,,,,,,,,,,,,,,,,
1947,Frank Nighbor,Player,1918,1930,349,139,100,239,,266,,,,,,20.3,11.5,0.0,31.8,nighbfr01
1947,William Northey,Builder,,,,,,,,,,,,,,,,,,
1947,Lester Patrick,Player,1927,1927,1,0,0,0,,2,,,,,,0.0,0.1,0.0,0.1,patrile01
1947,John Robertson,Builder,,,,,,,,,,,,,,,,,,
1947,Claude Robinson,Builder,,,,,,,,,,,,,,,,,,
1947,Eddie Shore,Player,1927,1940,551,105,179,284,,1099,,,,,,47.0,51.5,0.0,98.4,shoreed01
1947,James Sutherland,Builder,,,,,,,,,,,,,,,,,,
1947,Cyclone Taylor,Player,,,,,,,,,,,,,,,,,,taylocy01
1945,Montagu Allan,Builder,,,,,,,,,,,,,,,,,,
1945,Hobey Baker,Player,,,,,,,,,,,,,,,,,,bakerho01
1945,Charlie Gardiner,Player,1928,1934,316,0,0,0,,2,112,151,52,,2.02,0.0,0.0,55.6,55.6,gardich01
1945,Eddie Gerard,Player,1918,1923,128,50,51,101,,126,,,,,,7.2,19.1,0.0,26.4,gerared01
1945,Frank McGee,Player,,,,,,,,,,,,,,,,,,mcgeefr01
1945,Howie Morenz,Player,1924,1937,550,271,205,476,,560,,,,,,87.4,13.4,0.0,100.8,morenho01
1945,Tommy Phillips,Player,,,,,,,,,,,,,,,,,,phillto01
1945,Harvey Pulford,Player,,,,,,,,,,,,,,,,,,pulfoha01
1945,Frederick Stanley,Builder,,,,,,,,,,,,,,,,,,
1945,Hod Stuart,Player,,,,,,,,,,,,,,,,,,stuarho01
1945,Georges Vezina,Player,1918,1926,190,0,1,1,,2,103,81,5,,3.28,0.0,0.0,39.4,39.4,vezinge01
